編號,屋齡,建物移轉面積平方公尺,主要用途,主要建材,建築完成日期,總層數,建物分層
The serial number,room age,building shifting area square meter,the main use,main building materials,construction completes the date,total layer,building lamination
RPPNMLOJQHJFFBQ98CA,18,95.96,住家用,鋼筋混凝土造,85年11月23日,七層,五層 陽台
RPPNMLQJQHJFFCQ66CA,21,102.92,國民住宅,鋼筋混凝土造,82年2月17日,五層,一層 平台
RPRNMLLLQHJFFCQ56CA,39,106.86,住房、臥室,鋼筋混凝土加強磚造,64年3月27日,二層,一層 二層 騎樓
RPRNMLPJQHJFFDQ86CA,15,132.56,見其他登記事項,鋼筋混凝土造,88年5月31日,三層,
RPSNMLMLQHJFFDQ86CA,,184.92,住宅、樓梯間,鋼筋混凝土造,103年5月7日,三層,一層 二層 三層 陽台 見其他登記事項
RPRNMLOKQHJFFEQ96CA,29,86.37,住家用,鋼筋混凝土加強磚造,74年12月6日,二層,一層 二層 電梯樓梯間
RPPNMLOKQHJFFDQ76DA,20,156.83,住商用,鋼筋混凝土造,83年10月12日,七層,一層 二層 三層 見其他登記事項
RPPNMLOKQHJFFDQ76DA,20,3.69,梯間,鋼筋混凝土造,83年10月12日,七層,
RPPNMLOKQHJFFDQ76DA,20,13.27,停車場、防空避難室,鋼筋混凝土造,83年10月12日,七層,
RPQNMLQJQHJFFEQ96CA,38,254.37,住商用,鋼筋混凝土加強磚造,65年12月18日,三層,一層 二層 三層 騎樓 電梯樓梯間
RPSNMLPJQHJFFDQ07DA,20,172.42,住家用,鋼筋混凝土造,83年1月13日,四層,一層 二層 三層 四層 陽台
RPUNMLRJQHJFFDQ37CA,34,78.39,,鋼筋混凝土磚造,69年6月27日,一層,一層
RPSNMLTJQHJFFDQ37CA,9,153.88,住家用,鋼筋混凝土造,94年11月2日,三層,一層 二層 三層 陽台 電梯樓梯間
RPUNMLSJQHJFFCQ37CA,30,129.18,住家用,鋼筋混凝土加強磚造,73年5月15日,二層,一層 二層 電梯樓梯間
RPPNMLSLQHJFFDQ17CA,33,112.75,住家用,鋼筋混凝土加強磚造,70年11月25日,二層,一層 二層 電梯樓梯間
RPXNMLRJQHJFFBQ47CA,18,102.51,住商用,鋼筋混凝土造,86年1月10日,十層,一層 二層 陽台 平台
RPVNMLPJQHJFFBQ07CA,37,110.73,住家用,鋼筋混凝土加強磚造,66年2月7日,二層,一層 二層 夾層
RPSNMLRJQHJFFBQ96CA,2,486.19,住家用,鋼筋混凝土造,101年3月7日,三層,一層 二層 三層 見其他登記事項
RPUNMLSJQHJFFDQ47CA,19,96.30,集合住宅,鋼筋混凝土造,84年9月8日,十二層,十二層 見其他登記事項
RPUNMLSJQHJFFDQ47CA,19,23.45,梯間,鋼筋混凝土造,84年9月8日,十二層,
RPUNMLSJQHJFFDQ47CA,19,20.13,防空避難室,鋼筋混凝土造,84年9月8日,十二層,
RPXNMLMLQHJFFDQ37CA,1,87.56,停車空間、住宅、樓梯間,鋼筋混凝土造,102年9月9日,三層,一層 二層 三層 陽台 雨遮 見其他登記事項
RPXNMLMLQHJFFDQ37CA,1,87.56,停車空間、住宅、樓梯間,鋼筋混凝土造,102年9月9日,三層,一層 二層 三層 陽台 雨遮 見其他登記事項
RPSNMLSJQHJFFDQ27CA,4,200.50,住商用,鋼筋混凝土造,99年12月28日,四層,一層 二層 三層 四層 陽台
RPTNMLSJQHJFFBQ27DA,23,207.19,住商用,鋼筋混凝土造,80年5月9日,三層,一層 二層 三層 騎樓 電梯樓梯間
RPPNMLQKQHJFFEQ96CA,31,63.24,住家用,鋼筋加強磚木造,72年8月1日,一層,一層
RPPNMLMKQHJFFDQ09CA,9,183.15,住家用,鋼筋混凝土造,94年11月29日,四層,一層 二層 三層 四層 陽台
RPRNMLOLQHJFFDQ96CA,6,157.63,住房、梯間,鋼筋混凝土造,97年10月17日,三層,一層 二層 三層 陽台 見其他登記事項
RPSNMLTJQHJFFCQ27CA,19,173.29,住家用,鋼筋混凝土造,84年2月17日,三層,一層 二層 三層 平台 電梯樓梯間 見其他登記事項
RPQNMLLJRHJFFDQ09CA,15,180.41,住家用,鋼筋混凝土加強磚造,88年2月22日,三層,一層 二層 三層 見其他登記事項
RPPNMLOLQHJFFCQ66CA,22,261.26,住家用,鋼筋混凝土造,81年11月10日,三層,一層 二層 三層 電梯樓梯間
RPPNMLSJQHJFFCQ07EA,22,160.04,住家用,鋼筋混凝土造,81年4月15日,三層,一層 二層 三層 電梯樓梯間
RPQNMLLKQHJFFCQ56EA,32,124.94,住家用,鋼筋混凝土加強磚造,71年6月11日,二層,一層 二層 電梯樓梯間
RPXNMLMKQHJFFCQ17CA,1,235.66,住家用,鋼筋混凝土造,102年6月27日,四層,一層 二層 三層 四層 見其他登記事項
RPUNMLNKQHJFFCQ96CA,18,161.46,集合住宅、店舖,鋼筋混凝土造,85年12月20日,十一層,一層 二層 三層 見其他登記事項
RPUNMLNKQHJFFCQ96CA,18,1.31,共有部分,鋼筋混凝土造,85年12月20日,十一層,
RPUNMLNKQHJFFCQ96CA,18,19.16,共有部分,鋼筋混凝土造,85年12月20日,十一層,
RPUNMLNKQHJFFCQ96CA,18,15.22,共有部分,鋼筋混凝土造,85年12月20日,十一層,
RPRNMLPLQHJFFDQ07CA,7,204.74,店舖、住宅、停車空間,鋼筋混凝土造,96年8月22日,四層,一層 二層 三層 四層 陽台
RPPNMLOLQHJFFDQ76CA,36,65.06,住家用,鋼筋混凝土加強磚造,67年7月10日,二層,一層 二層
RPUOMLMLQHJFFDQ17CA,14,310.86,住家用,鋼筋混凝土加強磚造,89年3月13日,二層,一層 二層 陽台 電梯樓梯間
RPVNMLMKQHJFFDQ07CA,7,210.53,店舖、住宅、停車空間,鋼筋混凝土造,96年8月22日,四層,一層 二層 三層 四層 陽台
RPVNMLPLQHJFFDQ47CA,15,132.56,見其他登記事項,鋼筋混凝土造,88年5月31日,三層,
RPTNMLOLQHJFFCQ07CA,12,102.88,見其他登記事項,鋼筋混凝土造,91年7月25日,五層,
RPTNMLOLQHJFFCQ07CA,12,15.14,見其他登記事項,鋼筋混凝土造,91年7月25日,五層,
RPTNMLOLQHJFFCQ07CA,12,.68,見其他登記事項,鋼筋混凝土造,91年7月25日,五層,
RPQNMLOLQHJFFCQ76CA,10,158.06,住家用,鋼筋混凝土造,93年8月18日,三層,一層 二層 三層 電梯樓梯間
RPSNMLPLQHJFFBQ96CA,5,198.72,住商用,鋼筋混凝土造,98年8月20日,四層,一層 二層 三層 四層 見其他登記事項
RPRNMLSLQHJFFBQ17CA,6,200.62,停車空間、店舖、集合住宅,鋼筋混凝土造,97年1月31日,四層,一層 二層 三層 四層 陽台 雨遮
RPRNMLTLQHJFFBQ27CA,33,85.00,住家用,雜木,71年1月15日,一層,一層
RPUNMLOLQHJFFCQ17CA,12,65.83,見其他登記事項,鋼筋混凝土造,91年7月25日,五層,
RPUNMLOLQHJFFCQ17CA,12,12.74,見其他登記事項,鋼筋混凝土造,91年7月25日,五層,
RPUNMLOLQHJFFCQ17CA,12,33.34,停車空間,鋼筋混凝土造,91年7月25日,五層,
RPVNMLOLQHJFFCQ27CA,9,184.85,集合住宅、車庫,鋼筋混凝土造,94年2月21日,三層,一層 二層 三層 電梯樓梯間 見其他登記事項
RPQNMLOLQHJFFDQ86CA,6,163.42,住家用,鋼筋混凝土造,97年11月13日,三層,一層 二層 三層 陽台
RPWOMLTLQHJFFCQ97CA,8,228.34,停車空間、集合住宅,鋼筋混凝土造,95年8月14日,四層,一層 二層 三層 四層 見其他登記事項
RPPNMLKLQHJFFCQ09EA,33,119.36,住商用,鋼筋混凝土加強磚造,70年4月20日,二層,一層 二層 騎樓 電梯樓梯間
RPTNMLRLQHJFFCQ37CA,15,150.84,住商用,鋼筋混凝土造,88年7月20日,四層,一層 二層 三層 四層 見其他登記事項
RPPNMLPKQHJFFEQ86CA,8,317.96,住家用,鋼筋混凝土造,95年4月19日,三層,一層 二層 三層 陽台
RPPNMLPKQHJFFEQ86CA,8,317.96,住家用,鋼筋混凝土造,95年4月19日,三層,一層 二層 三層 陽台
RPSNMLNKQHJFFCQ76CA,19,213.02,住家用,鋼筋混凝土造,84年6月12日,三層,一層 二層 三層 電梯樓梯間 見其他登記事項
RPPNMLNKQHJFFCQ09CA,31,67.70,住家用,鋼筋混凝土加強磚造,72年4月23日,二層,一層 二層 陽台
RPXNMLOLQHJFFCQ47CA,12,99.84,見其他登記事項,鋼筋混凝土造,91年7月25日,五層,
RPXNMLOLQHJFFCQ47CA,12,11.69,見其他登記事項,鋼筋混凝土造,91年7月25日,五層,
RPXNMLOLQHJFFCQ47CA,12,.68,見其他登記事項,鋼筋混凝土造,91年7月25日,五層,
RPOOMLOLQHJFFCQ66CA,12,99.84,見其他登記事項,鋼筋混凝土造,91年7月25日,五層,
RPOOMLOLQHJFFCQ66CA,12,12.64,見其他登記事項,鋼筋混凝土造,91年7月25日,五層,
RPOOMLOLQHJFFCQ66CA,12,.60,見其他登記事項,鋼筋混凝土造,91年7月25日,五層,
RPOOMLPLQHJFFCQ76CA,21,140.96,住家用,鋼筋混凝土造,82年3月8日,二層,一層 二層 電梯樓梯間 夾層
RPSNMLOKQHJFFBQ76CA,8,15.06,住家用,鋼筋混凝土造,95年8月28日,八層,二層 陽台
RPSNMLOKQHJFFBQ76CA,8,4.20,共有部分,鋼筋混凝土造,95年8月28日,,
RPSNMLOKQHJFFBQ76CA,8,5.78,共有部分,鋼筋混凝土造,95年8月28日,,
RPTNMLSKQHJFFBQ27CA,7,208.05,住家用,鋼筋混凝土造,96年9月17日,四層,一層 二層 三層 四層 陽台
RPTNMLOKQHJFFBQ86CA,34,185.66,住家用,鋼筋混凝土加強磚造,69年7月24日,二層,
RPXNMLPJRHJFFBQ37CA,9,19.96,住家用,鋼筋混凝土造,94年10月3日,十層,三層 陽台
RPXNMLPJRHJFFBQ37CA,9,.12,管理委員會使用空間,鋼筋混凝土造,94年10月3日,十層,
RPXNMLPJRHJFFBQ37CA,9,10.53,機電設備空間、停車空間、樓梯間、走廊、機械室、水塔,鋼筋混凝土造,94年10月3日,十層,
RPPNMLTJRHJFFBQ96CA,9,16.65,住家用,鋼筋混凝土造,94年10月3日,十層,三層 陽台
RPPNMLTJRHJFFBQ96CA,9,.10,管理委員會使用空間,鋼筋混凝土造,94年10月3日,十層,
RPPNMLTJRHJFFBQ96CA,9,8.36,機電設備空間、停車空間、樓梯間、走廊、機械室、水塔,鋼筋混凝土造,94年10月3日,十層,
RPPNMLPJRHJFFDQ76CA,35,87.08,住家用,鋼筋混凝土加強磚造,68年10月1日,二層,一層 二層
RPSNMLPJRHJFFDQ07CA,34,109.12,住家用,鋼筋混凝土加強磚造,69年7月5日,二層,一層 二層 騎樓 電梯樓梯間
RPSNMLPLQHJFFCQ07CA,,206.94,住家用,鋼筋混凝土造,103年5月26日,四層,一層 二層 三層 四層 見其他登記事項
RPTNMLPLQHJFFCQ17CA,,206.86,住家用,鋼筋混凝土造,103年5月26日,四層,一層 二層 三層 四層 見其他登記事項
RPUNMLPLQHJFFCQ27CA,,201.80,住家用,鋼筋混凝土造,103年5月26日,四層,一層 二層 三層 四層 見其他登記事項
RPVNMLPLQHJFFCQ37CA,,201.80,住家用,鋼筋混凝土造,103年5月26日,四層,一層 二層 三層 四層 見其他登記事項
RPTNMLOLQHJFFEQ27CA,21,33.90,住家用,鋼筋混凝土造,82年4月1日,十八層,十二層 陽台
RPTNMLOLQHJFFEQ27CA,21,1.75,守衛室．健身房．游泳池．防空避難室兼停車場,鋼筋混凝土造,82年4月1日,,
RPTNMLOLQHJFFEQ27CA,21,6.62,梯間,鋼筋混凝土造,82年4月1日,十八層,
RPSNMLOJRHJFFEQ07CA,18,322.85,住家用,鋼筋混凝土造,85年12月31日,四層,一層 二層 三層 四層 陽台 電梯樓梯間 露台
RPWNMLPLQHJFFCQ47CA,,209.51,住家用,鋼筋混凝土造,103年5月26日,四層,一層 二層 三層 四層 見其他登記事項
RPPNMLRKQHJFFDQ96CA,9,15.37,見其他登記事項,鋼筋混凝土造,94年8月15日,五層,二層
RPPNMLRKQHJFFDQ96CA,9,6.84,見其他登記事項,鋼筋混凝土造,94年8月15日,五層,
RPQNMLKMQHJFFCQ09CA,32,89.57,住家用,鋼筋混凝土加強磚造,71年6月22日,二層,一層 二層 電梯樓梯間
RPQNMLSKQHJFFDQ17CA,3,166.65,住宅、樓梯間,鋼筋混凝土造,100年12月6日,三層,一層 二層 三層 陽台 見其他登記事項
RPUNMLKLQHJFFDQ86CA,33,75.08,住家用,鋼筋混凝土加強磚造,70年1月28日,二層,一層 二層
RPTNMLKLQHJFFDQ76CA,2,201.53,店舖、住宅、走道,鋼筋混凝土造,101年6月19日,四層,一層 二層 三層 四層 陽台 騎樓
RPRNMLPKQHJFFDQ07DA,34,108.42,住商用,鋼筋混凝土加強磚造,69年9月26日,二層,一層 二層 騎樓 電梯樓梯間
RPPNMLOKQHJFFEQ86DA,21,33.90,住家用,鋼筋混凝土造,82年4月1日,十八層,十三層 陽台
RPPNMLOKQHJFFEQ86DA,21,6.78,梯間,鋼筋混凝土造,82年4月1日,十八層,
RPPNMLOKQHJFFEQ86DA,21,1.75,守衛室．健身房．游泳池．防空避難室兼停車場,鋼筋混凝土造,82年4月1日,,
RPWNMLSKQHJFFDQ77CA,32,99.48,住家用,鋼筋混凝土加強磚造,71年9月10日,二層,一層 二層 電梯樓梯間
RPUNMLOJRHJFFCQ07CA,21,103.73,國民住宅,鋼筋混凝土造,82年2月17日,五層,四層
RPUNMLOJRHJFFCQ07CA,21,10.16,共有部分,鋼筋混凝土造,82年2月17日,五層,
RPRNMLKLQHJFFBQ98CA,20,77.19,住家用,鋼筋混凝土造,83年9月10日,十二層,十二層 陽台
RPRNMLKLQHJFFBQ98CA,20,8.09,樓梯間,鋼筋混凝土造,83年9月10日,十二層,
RPRNMLKLQHJFFBQ98CA,20,6.34,防空避難室﹒停車空間,鋼筋混凝土造,83年9月10日,十三層,
RPSNMLKLQHJFFBQ09CA,20,77.19,住家用,鋼筋混凝土造,83年9月10日,十二層,十二層 陽台
RPSNMLKLQHJFFBQ09CA,20,7.82,樓梯間,鋼筋混凝土造,83年9月10日,十二層,
RPSNMLKLQHJFFBQ09CA,20,5.85,防空避難室﹒停車空間,鋼筋混凝土造,83年9月10日,十三層,
RPSNMLTKQHJFFCQ37CA,1,279.98,住宅、樓梯間,鋼筋混凝土造,102年7月22日,三層,一層 二層 三層 見其他登記事項 見其他登記事項
RPUNMLKLQHJFFCQ76CA,,170.24,見其他登記事項,鋼筋混凝土造,103年4月10日,三層,
RPQNMLKLQHJFFCQ98CA,,170.24,見其他登記事項,鋼筋混凝土造,103年4月10日,三層,
RPQNMLPLQHJFFCQ86CA,33,120.57,住家用,鋼筋混凝土加強磚造,70年12月29日,二層,一層 二層 陽台 電梯樓梯間
RPSNMLSLQHJFFCQ37CA,,169.80,見其他登記事項,鋼筋混凝土造,103年4月10日,三層,
RPTNMLSLQHJFFCQ47CA,,170.24,見其他登記事項,鋼筋混凝土造,103年4月10日,三層,
RPUNMLSLQHJFFCQ57CA,,170.24,見其他登記事項,鋼筋混凝土造,103年4月10日,三層,
RPWNMLSLQHJFFCQ77CA,,170.24,見其他登記事項,鋼筋混凝土造,103年4月10日,三層,
RPPOMLSLQHJFFCQ17CA,,170.24,見其他登記事項,鋼筋混凝土造,103年4月10日,三層,
RPROMLSLQHJFFCQ37CA,,169.80,見其他登記事項,鋼筋混凝土造,103年4月10日,三層,
RPPOMLSKQHJFFDQ17CA,,173.97,停車空間、住宅,鋼筋混凝土造,103年4月21日,四層,一層 二層 三層 四層 見其他登記事項
RPPOMLKLQHJFFCQ56EA,31,80.12,住家用,鋼筋混凝土加強磚造,72年9月15日,二層,
RPRNMLTJRHJFFBQ17CA,9,16.65,住家用,鋼筋混凝土造,94年10月3日,十層,四層 陽台
RPRNMLTJRHJFFBQ17CA,9,.10,管理委員會使用空間,鋼筋混凝土造,94年10月3日,十層,
RPRNMLTJRHJFFBQ17CA,9,8.78,機電設備空間、停車空間、樓梯間、走廊、機械室、水塔,鋼筋混凝土造,94年10月3日,十層,
RPPOMLMLQHJFFDQ76DA,21,271.86,廠房、辦公室、員工宿舍,鋼筋混凝土造,82年3月17日,三層,一層 二層 三層 見其他登記事項
RPQNMLTKQHJFFDQ37DA,36,86.97,住家用,鋼筋混凝土加強磚造,67年7月10日,二層,一層 二層
RPUNMLPLQHJFFDQ37CA,11,21.64,集合住宅,鋼筋混凝土造,92年5月5日,五層,二層 陽台
RPUNMLPLQHJFFDQ37CA,11,3.80,集合住宅,鋼筋混凝土造,92年5月5日,五層,
RPPNMLSKQHJFFCQ07DA,23,62.58,住家用,鋼筋混凝土造,80年6月7日,五層,一層
RPPNMLSKQHJFFCQ07DA,23,8.44,共有部分,鋼筋混凝土造,80年6月7日,地下層,
RPRNMLLLQHJFFBQ09CA,5,224.13,住商用,鋼筋混凝土造,98年11月11日,四層,一層 二層 三層 四層 見其他登記事項
RPRNMLLLQHJFFBQ09CA,5,.88,管理員室,鋼筋混凝土造,98年11月11日,二層,一層 二層 見其他登記事項
RPTNMLLLQHJFFBQ66CA,8,19.19,住家用,鋼筋混凝土造,95年8月28日,八層,七層 陽台
RPTNMLLLQHJFFBQ66CA,8,4.60,共有部分,鋼筋混凝土造,95年8月28日,,
RPTNMLLLQHJFFBQ66CA,8,7.43,共有部分,鋼筋混凝土造,95年8月28日,,
RPPNMLMLQHJFFCQ09CA,21,189.17,住商用,鋼筋混凝土造,82年11月16日,三層,一層 二層 三層 電梯樓梯間 見其他登記事項
RPQOMLTLQHJFFCQ37CA,,172.44,見其他登記事項,鋼筋混凝土造,103年4月10日,三層,
RPPNMLMJRHJFFCQ98CA,,170.24,見其他登記事項,鋼筋混凝土造,103年4月10日,三層,
RPPOMLKLQHJFFDQ09CA,15,132.56,見其他登記事項,鋼筋混凝土造,88年5月31日,三層,
RPSOMLMLQHJFFDQ07DA,35,87.48,住家用,鋼筋混凝土加強磚造,68年10月1日,二層,一層 二層
RPOOMLLLQHJFFEQ56CA,2,191.24,住家用,鋼筋混凝土造,102年1月18日,三層,一層 二層 三層 陽台
RPRNMLMLQHJFFDQ76CA,34,89.77,住家用,鋼筋混凝土加強磚造,69年12月16日,二層,一層 二層 電梯樓梯間
RPPNMLMLQHJFFBQ98CA,33,143.00,住家用,鋼筋混凝土加強磚造,70年12月29日,三層,一層 二層 三層
RPOOMLKLQHJFFDQ56EA,20,132.83,住家用,鋼筋混凝土造,83年7月15日,四層,一層 二層 三層 四層
RPPNMLSJRHJFFCQ96CA,12,99.21,見其他登記事項,鋼筋混凝土造,91年7月25日,五層,
RPPNMLSJRHJFFCQ96CA,12,14.17,見其他登記事項,鋼筋混凝土造,91年7月25日,五層,
RPPNMLSJRHJFFCQ96CA,12,33.34,停車空間,鋼筋混凝土造,91年7月25日,五層,
RPQNMLOJRHJFFBQ56CA,23,120.86,住家用,鋼筋混凝土造,80年2月26日,三層,一層 二層 三層
RPUNMLRLQHJFFCQ47CA,19,75.45,集合住宅,鋼筋混凝土造,84年7月20日,六層,四層 陽台 花台
RPPNMLKMQHJFFDQ09CA,32,102.84,住商用,鋼筋混凝土加強磚造,71年8月13日,二層,一層 二層 電梯樓梯間
RPXNMLSLQHJFFDQ97CA,9,15.37,見其他登記事項,鋼筋混凝土造,94年8月15日,五層,三層
RPOOMLSLQHJFFDQ17CA,9,15.02,見其他登記事項,鋼筋混凝土造,94年8月15日,五層,三層
SPTNMLTJRHJFFBQ47CA,9,16.85,住家用,鋼筋混凝土造,94年10月3日,十層,五層 陽台
RPTNMLTJRHJFFBQ37CA,9,15.99,住家用,鋼筋混凝土造,94年10月3日,十層,五層 陽台
SPTNMLTJRHJFFBQ47CA,9,.10,管理委員會使用空間,鋼筋混凝土造,94年10月3日,十層,
RPTNMLTJRHJFFBQ37CA,9,.09,管理委員會使用空間,鋼筋混凝土造,94年10月3日,十層,
SPTNMLTJRHJFFBQ47CA,9,8.89,機電設備空間、停車空間、樓梯間、走廊、機械室、水塔,鋼筋混凝土造,94年10月3日,十層,
RPTNMLTJRHJFFBQ37CA,9,7.89,機電設備空間、停車空間、樓梯間、走廊、機械室、水塔,鋼筋混凝土造,94年10月3日,十層,
RPSNMLRLQHJFFEQ47CA,33,71.88,住家用,加強磚造,70年11月15日,二層,一層 二層
RPRNMLPJRHJFFDQ96CA,11,171.41,住商用,鋼筋混凝土造,92年3月12日,四層,一層 二層 三層 四層 見其他登記事項
RPRNMLLJRHJFFDQ56CA,36,117.57,,加強磚造，鋼鐵造,67年8月1日,三層,一層 二層 三層
RPQNMLQLQHJFFDQ07CA,21,174.72,集合住宅,鋼筋混凝土造,82年8月6日,四層,一層 二層 三層 四層
RPPNMLNLQHJFFDQ66CA,21,181.62,住家用,鋼筋混凝土造,82年6月29日,四層,一層 二層 三層 四層 見其他登記事項
RPRNMLSLQHJFFCQ27CA,,170.24,見其他登記事項,鋼筋混凝土造,103年4月10日,三層,
RPQOMLSLQHJFFCQ27CA,44,66.54,住家用,雜木以外,60年1月15日,一層,一層 騎樓
RPTNMLTLQHJFFBQ47CA,30,118.71,住家用,鋼筋混凝土加強磚造,73年12月31日,二層,一層 二層 陽台 電梯樓梯間
RPWNMLMLQHJFFBQ07CA,27,144.16,住家用,鋼筋混凝土加強磚造,76年7月9日,二層,一層 二層 陽台 騎樓 電梯樓梯間
RPPNMLSJRHJFFBQ86CA,9,192.19,住商用,鋼筋混凝土造,94年3月12日,四層,一層 二層 三層 四層 陽台 雨遮
RPVNMLRLQHJFFCQ57CA,7,171.47,住家用,鋼筋混凝土造,96年4月24日,三層,一層 二層 三層 見其他登記事項
RPPNMLOJRHJFFDQ66CA,36,112.76,住家用,鋼筋混凝土加強磚造,67年7月11日,二層,一層 二層
RPXOMLTLQHJFFCQ08CA,16,166.68,住家用,鋼筋混凝土造,87年9月8日,三層,一層 二層 三層 平台 電梯樓梯間 見其他登記事項
RPUNMLLJRHJFFCQ76CA,20,85.27,住家用,鋼筋混凝土造,83年11月11日,十一層,七層 陽台
RPUNMLLJRHJFFCQ76CA,20,10.33,共有部分,鋼筋混凝土造,83年11月11日,十一層,
RPUNMLLJRHJFFCQ76CA,20,3.18,共有部分,鋼筋混凝土造,83年11月11日,十一層,
RPUNMLMJRHJFFEQ07CA,16,79.54,住家用,鋼筋混凝土造,87年7月17日,八層,八層 陽台 雨遮
RPRNMLMJRHJFFDQ66CA,21,32.58,集合住宅,鋼筋混凝土造,82年10月6日,九層,四層 陽台
RPRNMLMJRHJFFDQ66CA,21,1.95,梯間,鋼筋混凝土造,82年10月6日,九層,
RPRNMLMJRHJFFDQ66CA,21,8.94,梯間,鋼筋混凝土造,82年10月6日,九層,
RPRNMLMJRHJFFDQ66CA,21,4.98,避難室、停車場,鋼筋混凝土造,82年10月6日,9,
RPQNMLTLQHJFFEQ47CA,21,267.65,住家用,鋼筋混凝土造,82年4月1日,十九層,八層 陽台
RPQNMLSKRHJFFDQ27CA,19,225.36,住房、儲藏室,鋼筋混凝土造,84年9月29日,四層,一層 二層 三層 四層 地下層 見其他登記事項
RPSOMLQKRHJFFEQ47CA,,203.72,住家用,鋼筋混凝土造,103年6月4日,四層,一層 二層 三層 四層 陽台
RPROMLQKRHJFFEQ37CA,,203.72,住家用,鋼筋混凝土造,103年6月4日,四層,一層 二層 三層 四層 陽台
RPQOMLQKRHJFFEQ27CA,,203.72,住家用,鋼筋混凝土造,103年6月4日,四層,一層 二層 三層 四層 陽台
RPTOMLQKRHJFFEQ57CA,,203.72,住家用,鋼筋混凝土造,103年6月4日,四層,一層 二層 三層 四層 陽台
RPPNMLSKRHJFFCQ07CA,7,232.04,住宅、停車空間,鋼筋混凝土造,96年7月19日,四層,一層 二層 三層 四層 見其他登記事項
RPQNMLSLQHJFFDQ27CA,33,119.33,住商用,鋼筋混凝土加強磚造,70年7月28日,二層,一層 二層 騎樓 電梯樓梯間
RPWNMLQKRHJFFEQ77CA,,227.37,住家用,鋼筋混凝土造,103年6月4日,四層,一層 二層 三層 四層 陽台
RPXNMLQKRHJFFEQ87CA,,203.72,住家用,鋼筋混凝土造,103年6月4日,四層,一層 二層 三層 四層 陽台
RPVNMLQKRHJFFEQ67CA,,185.65,住家用,鋼筋混凝土造,103年6月4日,四層,一層 二層 三層 四層 陽台
RPPNMLSLQHJFFBQ96CA,21,160.20,住商用,鋼筋混凝土加強磚造,82年7月8日,三層,一層 二層 三層 騎樓 電梯樓梯間
RPQNMLSLQHJFFBQ07CA,20,163.48,住商用,鋼骨鋼筋混凝土造,83年10月30日,四層,一層 二層 三層 四層 陽台
RPQNMLTLQHJFFDQ57EA,32,115.46,住商用,鋼筋混凝土加強磚造,71年6月14日,二層,一層 二層 電梯樓梯間
RPPNMLNLRHJFFCQ86EA,1,193.61,住家用,鋼筋混凝土造,102年5月9日,四層,一層 二層 三層 四層 見其他登記事項
RPRNMLNKRHJFFCQ76CA,,166.99,住宅、樓梯間,鋼筋混凝土造,103年2月6日,三層,一層 二層 三層 見其他登記事項 見其他登記事項
RPTNMLTLQHJFFCQ77EA,32,151.63,住商用,鋼筋混凝土加強磚造,71年6月23日,三層,一層 二層 三層 騎樓 電梯樓梯間
RPQOMLPLQHJFFCQ17EA,22,288.96,住家用,鋼鐵造,81年2月21日,一層,一層
RPTNMLMLQHJFFCQ07EA,33,105.30,住家用,鋼筋混凝土加強磚造,70年12月31日,二層,一層 二層 騎樓
RPQNMLSJRHJFFCQ07CA,12,100.16,見其他登記事項,鋼筋混凝土造,91年7月25日,五層,
RPQNMLSJRHJFFCQ07CA,12,12.64,見其他登記事項,鋼筋混凝土造,91年7月25日,五層,
RPQNMLSJRHJFFCQ07CA,12,33.34,停車空間,鋼筋混凝土造,91年7月25日,五層,
RPWOMLLJRHJFFBQ96CA,8,15.06,住家用,鋼筋混凝土造,95年8月28日,八層,四層 陽台
RPWOMLLJRHJFFBQ96CA,8,5.78,共有部分,鋼筋混凝土造,95年8月28日,,
RPWOMLLJRHJFFBQ96CA,8,4.20,共有部分,鋼筋混凝土造,95年8月28日,,
RPWOMLLJRHJFFBQ96CA,8,15.06,住家用,鋼筋混凝土造,95年8月28日,八層,四層 陽台
RPWOMLLJRHJFFBQ96CA,8,4.20,共有部分,鋼筋混凝土造,95年8月28日,,
RPWOMLLJRHJFFBQ96CA,8,5.78,共有部分,鋼筋混凝土造,95年8月28日,,
RPWOMLLJRHJFFBQ96CA,8,15.06,住家用,鋼筋混凝土造,95年8月28日,八層,四層 陽台
RPWOMLLJRHJFFBQ96CA,8,4.20,共有部分,鋼筋混凝土造,95年8月28日,,
RPWOMLLJRHJFFBQ96CA,8,5.78,共有部分,鋼筋混凝土造,95年8月28日,,
RPVNMLLJRHJFFBQ76CA,,226.54,住宅，儲藏室，水箱,鋼筋混凝土造,103年6月25日,四層,一層 二層 三層 四層 陽台 見其他登記事項
RPRNMLSJRHJFFDQ27CA,33,102.31,住商用,鋼筋混凝土加強磚造,70年6月25日,二層,一層 二層 騎樓 電梯樓梯間
RPWNMLLJRHJFFBQ86CA,,226.54,住宅，儲藏室，水箱,鋼筋混凝土造,103年6月25日,四層,一層 二層 三層 四層 陽台 見其他登記事項
RPUNMLLJRHJFFBQ66CA,,226.54,住宅，儲藏室，水箱,鋼筋混凝土造,103年6月25日,四層,一層 二層 三層 四層 陽台 見其他登記事項
RPRNMLLJRHJFFBQ98CA,10,221.29,集合住宅、停車空間,鋼筋混凝土造,93年3月26日,四層,一層 二層 三層 四層 陽台
RPRNMLLJRHJFFBQ98CA,10,5.48,社區遊憩設施,鋼筋混凝土造,93年3月26日,三層,
RPRNMLSJRHJFFCQ17CA,23,117.86,住家用,加強磚造,80年12月3日,二層,一層 二層 電梯樓梯間
RPTNMLPJRHJFFBQ96CA,8,15.06,住家用,鋼筋混凝土造,95年8月28日,八層,五層 陽台
RPTNMLPJRHJFFBQ96CA,8,4.20,共有部分,鋼筋混凝土造,95年8月28日,,
RPTNMLPJRHJFFBQ96CA,8,5.78,共有部分,鋼筋混凝土造,95年8月28日,,
RPPNMLOJRHJFFBQ09CA,23,181.17,住商用,鋼筋混凝土造,80年2月13日,三層,一層 二層 三層 陽台 平台 騎樓 電梯樓梯間
RPTNMLKKRHJFFCQ66CA,22,155.27,住家用,ＲＣ造（補強磚造）,81年8月24日,三層,一層 二層 三層 電梯樓梯間
RPPNMLLKRHJFFDQ09CA,9,15.37,見其他登記事項,鋼筋混凝土造,94年8月15日,五層,二層
RPPNMLLKRHJFFDQ09CA,9,7.54,見其他登記事項,鋼筋混凝土造,94年8月15日,五層,
RPPNMLKMQHJFFCQ98CA,,201.61,住家用,鋼筋混凝土造,103年5月26日,四層,一層 二層 三層 四層 見其他登記事項
RPRNMLQKRHJFFDQ17CA,,201.91,住家用,鋼筋混凝土造,103年5月7日,四層,一層 二層 三層 四層 陽台
RPPOMLSLQHJFFDQ37DA,21,156.21,住商用,鋼筋混凝土造,82年5月18日,四層,一層 二層 三層 四層 陽台
RPTOMLSLQHJFFDQ77DA,,156.40,門廊、補習班、住宅,鋼筋混凝土造,103年4月7日,三層,一層 二層 三層 陽台
RPSNMLLJRHJFFCQ66DA,19,60.16,住家用,鋼筋混凝土造,84年2月28日,五層,四層 陽台
RPSNMLLJRHJFFCQ66DA,19,21.60,住家用,鋼筋混凝土造,84年2月28日,五層,四層 陽台
RPSNMLLJRHJFFCQ66DA,19,22.14,住家用,鋼筋混凝土造,84年2月28日,五層,四層 陽台
RPQNMLMJRHJFFDQ66DA,21,63.28,農舍,鋼筋混凝土加強磚造,82年2月23日,一層,一層
RPQOMLLJRHJFFBQ98CA,,226.54,住宅、儲藏室、水箱,鋼筋混凝土造,103年6月25日,四層,一層 二層 三層 四層 陽台 見其他登記事項
RPRNMLLLRHJFFDQ76CA,22,116.70,住商用,鋼筋混凝土造,81年12月21日,二層,一層 二層 見其他登記事項
RPROMLLJRHJFFBQ09CA,,231.72,住宅、儲藏室、水箱,鋼筋混凝土造,103年6月25日,四層,一層 二層 三層 四層 陽台 見其他登記事項
RPPOMLLJRHJFFBQ88CA,,226.54,住宅、儲藏室、水箱,鋼筋混凝土造,103年6月25日,四層,一層 二層 三層 四層 陽台 見其他登記事項
RPPNMLPLRHJFFDQ96CA,1,183.18,住家用,鋼筋混凝土造,102年1月22日,四層,一層 二層 三層 四層 陽台
RPOOMLLJRHJFFBQ78CA,,226.54,住宅、儲藏室、水箱,鋼筋混凝土造,103年6月25日,四層,一層 二層 三層 四層 陽台 見其他登記事項
RPVOMLQKRHJFFEQ77CA,,203.72,住家用,鋼筋混凝土造,103年6月4日,四層,一層 二層 三層 四層 陽台
RPUNMLLKRHJFFCQ07EA,,82.64,營自,木造,,一層,一層
RPTOMLLJRHJFFBQ66CA,,38.80,集合住宅,鋼筋混凝土造,103年6月25日,五層,三層 陽台
RPTOMLLJRHJFFBQ66CA,,11.09,車道、樓梯間、水箱等七項,鋼筋混凝土造,103年6月25日,五層,
RPQNMLMJRHJFFBQ98CA,,232.17,住宅，儲藏室，水箱,鋼筋混凝土造,103年6月25日,四層,一層 二層 三層 四層 陽台 見其他登記事項
RPXNMLLJRHJFFBQ96CA,,226.54,住宅，儲藏室，水箱,鋼筋混凝土造,103年6月25日,四層,一層 二層 三層 四層 陽台 見其他登記事項
RPSNMLLJRHJFFBQ09CA,,226.54,住宅，儲藏室，水箱,鋼筋混凝土造,103年6月25日,四層,一層 二層 三層 四層 陽台 見其他登記事項
RPSOMLLJRHJFFBQ56CA,,38.80,集合住宅,鋼筋混凝土造,103年6月25日,五層,三層 陽台
RPSOMLLJRHJFFBQ56CA,,11.09,車道、樓梯間、水箱等七項,鋼筋混凝土造,103年6月25日,五層,
RPTNMLNKRHJFFCQ96CA,22,216.21,住家用,鋼筋混凝土造,81年12月24日,三層,一層 二層 三層 電梯樓梯間
RPQNMLLJRHJFFBQ88CA,,232.49,住宅，儲藏室，水箱,鋼筋混凝土造,103年6月25日,四層,一層 二層 三層 四層 陽台 見其他登記事項
RPRNMLMJRHJFFBQ09CA,,226.54,住宅，儲藏室，水箱,鋼筋混凝土造,103年6月25日,四層,一層 二層 三層 四層 陽台 見其他登記事項
RPQNMLMJRHJFFEQ66CA,34,285.67,辦公廳．廠房．避難室,鋼骨造．鋼筋混凝土造,69年3月13日,一層,一層 地下層
RPQNMLMKRHJFFEQ76CA,34,113.20,住家用,鋼筋混凝土加強磚造,69年12月9日,二層,一層 二層 騎樓 電梯樓梯間
RPPNMLSJRHJFFDQ07CA,15,132.56,見其他登記事項,鋼筋混凝土造,88年5月31日,三層,
RPPNMLMJRHJFFBQ88CA,11,17.93,住家用,鋼筋混凝土造,92年8月21日,五層,四層 陽台
RPUNMLQKRHJFFCQ37CA,14,157.94,住家用,鋼筋混凝土造,89年5月29日,三層,一層 二層 三層 電梯樓梯間 見其他登記事項
RPSNMLPJRHJFFCQ96CA,,169.80,見其他登記事項,鋼筋混凝土造,103年4月10日,三層,
RPTNMLPJRHJFFCQ07CA,,170.24,見其他登記事項,鋼筋混凝土造,103年4月10日,三層,
RPSNMLNKRHJFFCQ86CA,33,96.62,住家用,鋼筋混凝土加強磚造,70年2月12日,二層,一層 二層 電梯樓梯間
RPOOMLPJRHJFFBQ56CA,37,53.08,住家用,鋼筋混凝土加強磚造,67年1月15日,二層,一層 二層
RPQNMLQKRHJFFBQ86CA,,203.80,住家用,鋼筋混凝土造,103年2月11日,四層,一層 二層 三層 四層 見其他登記事項
RPPOMLQLRHJFFDQ17CA,9,201.26,住商用,鋼筋混凝土造,94年10月11日,四層,一層 二層 三層 四層 陽台
RPPNMLMLRHJFFCQ56CA,18,107.98,集合住宅,鋼筋混凝土造,85年5月17日,八層,八層 陽台 花台
RPPNMLMLRHJFFCQ56CA,18,19.09,共有部分,鋼筋混凝土造,85年5月17日,八層,
RPPNMLMLRHJFFCQ56CA,18,.08,警衛室,鋼筋混凝土造,85年5月17日,八層,
RPPNMLMLRHJFFCQ56CA,18,46.22,共有部分,鋼筋混凝土造,85年5月17日,八層,
RPPNMLPLRHJFFCQ86CA,22,149.90,見其他登記事項,鋼筋混凝土造,81年12月23日,三層,
RPTNMLMLRHJFFCQ96CA,33,170.88,住家用,鋼筋混凝土加強磚造,70年4月7日,三層,一層 二層 三層 騎樓 電梯樓梯間
RPUNMLPJRHJFFDQ27CA,7,210.66,店舖、住宅、停車空間,鋼筋混凝土造,96年8月22日,四層,一層 二層 三層 四層 陽台
RPTNMLSJRHJFFDQ47CA,19,63.28,集合住宅,鋼筋混凝土造,84年12月27日,五層,三層 陽台
RPTNMLSJRHJFFDQ47CA,19,11.49,樓梯間、停車空間,鋼筋混凝土造,84年12月27日,五層,
RPVNMLPJRHJFFDQ37CA,37,96.00,住家用,鋼筋混凝土加強磚造,66年8月25日,二層,一層 二層
RPSNMLPKRHJFFDQ17CA,35,105.41,住家用,鋼筋混凝土加強磚造,69年1月18日,二層,一層 二層 騎樓 電梯樓梯間
RPQNMLOJRHJFFDQ86DA,39,46.08,住家用,木造,64年8月5日,一層,一層 騎樓
RPOOMLQKRHJFFEQ07CA,,203.72,住家用,鋼筋混凝土造,103年6月4日,四層,一層 二層 三層 四層 陽台
RPOOMLPJRHJFFDQ86DA,15,88.09,見其他登記事項,鋼筋混凝土造,88年5月31日,五層,
RPOOMLPJRHJFFDQ86DA,15,10.94,見其他登記事項,鋼筋混凝土造,88年5月31日,五層,
RPOOMLPJRHJFFDQ86DA,15,.80,見其他登記事項,鋼筋混凝土造,88年5月31日,一層,
RPRNMLMJIIJFFDQ58DA,32,97.00,住家用,鋼筋混凝土加強磚造,71年9月10日,二層,一層 二層 電梯樓梯間
RPUOMLQKRHJFFEQ67CA,,186.70,住家用,鋼筋混凝土造,103年6月4日,四層,一層 二層 三層 四層 陽台
RPWNMLPJRHJFFBQ37DA,33,94.83,住商用,鋼筋混凝土加強磚造,70年6月10日,二層,一層 二層
RPRNMLKKRHJFFDQ56CA,8,.65,機械室、樓梯間、垃圾處理場、管理中心,鋼筋混凝土造,95年7月18日,三層,
RPRNMLKKRHJFFDQ56CA,8,.27,機械室、樓梯間,鋼筋混凝土造,95年7月18日,一層,
RPRNMLKKRHJFFDQ56CA,8,.48,機械室、樓梯間、開放空間、交誼室,鋼筋混凝土造,95年7月18日,四層,
RPRNMLKKRHJFFDQ56CA,2,272.68,,鋼筋混凝土造,101年8月29日,四層,一層 二層 三層 四層 陽台
RPOOMLPKRHJFFDQ86CA,34,126.93,住家用,鋼筋混凝土加強磚造,69年6月30日,二層,一層 二層 騎樓 電梯樓梯間
RPTNMLPJRHJFFDQ17CA,9,15.37,見其他登記事項,鋼筋混凝土造,94年8月15日,五層,三層
RPXNMLOJRHJFFCQ37CA,16,161.61,住商用,鋼筋混凝土造,87年12月15日,三層,一層 二層 三層 平台 電梯樓梯間 見其他登記事項
RPQNMLKKRHJFFCQ98CA,7,21.15,集合住宅,鋼筋混凝土造,96年6月23日,五層,一層 陽台
RPUNMLPJRHJFFBQ07CA,28,134.55,住家用,鋼筋混凝土加強磚造,75年10月18日,二層,一層 二層 電梯樓梯間
RPPNMLQJRHJFFCQ76CA,20,78.52,集合住宅,鋼筋混凝土造,83年8月10日,七層,四層 陽台 花台
RPPNMLQJRHJFFCQ76CA,20,8.66,共有部分,鋼筋混凝土造,83年8月10日,七層,
RPPNMLQJRHJFFCQ76CA,20,13.25,共有部分,鋼筋混凝土造,83年8月10日,七層,
RPPNMLPJRHJFFCQ86EA,19,31.69,住家用,鋼筋混凝土造,84年2月28日,五層,二層 陽台
RPSNMLRKRHJFFCQ27CA,17,141.94,住家用,鋼筋混凝土造,87年1月19日,三層,一層 二層 三層 見其他登記事項
RPUNMLRKRHJFFCQ47CA,34,98.53,住家用,鋼筋混凝土加強磚造,70年1月9日,二層,一層 二層 電梯樓梯間
RPVNMLPJRHJFFBQ17CA,6,261.63,集合住宅、停車空間,鋼筋混凝土造,97年4月8日,四層,一層 二層 三層 四層 地下一層 見其他登記事項
RPVNMLPJRHJFFBQ17CA,6,4.88,管理委員會室,鋼筋混凝土造,97年4月8日,三層,
RPVNMLPJRHJFFBQ17CA,6,30.51,停車空間,鋼筋混凝土造,97年4月8日,四層,
RPPNMLPJRHJFFBQ56CA,,241.17,住家用,鋼筋混凝土造,103年2月24日,三層,一層 二層 三層 見其他登記事項
RPQNMLTJRHJFFDQ27CA,9,16.15,見其他登記事項,鋼筋混凝土造,94年8月15日,五層,四層
RPSNMLTJRHJFFDQ47CA,27,211.98,住商用,鋼筋混凝土造,77年1月8日,三層,一層 二層 三層 騎樓 電梯樓梯間
RPPNMLKKRHJFFDQ98CA,10,173.71,住商用,鋼筋混凝土造,94年1月7日,三層,一層 二層 三層 騎樓 電梯樓梯間 見其他登記事項
RPQNMLPLRHJFFDQ07CA,21,182.34,住商用,鋼筋混凝土造,82年7月20日,四層,一層 二層 三層 四層 見其他登記事項
RPQNMLKKRHJFFBQ88CA,20,124.84,住家用,鋼筋混凝土造,83年9月10日,十三層,四層 陽台 露台
RPXNMLLJIIJFFCQ88CA,20,158.18,住商用,鋼筋混凝土造,83年8月18日,三層,一層 二層 三層 電梯樓梯間 見其他登記事項
RPPNMLNJIIJFFCQ28CA,33,111.72,住家用,鋼筋混凝土加強磚造,70年11月21日,二層,一層 二層 陽台
RPTNMLQKRHJFFCQ27CA,,215.16,住宅、樓梯間,鋼筋混凝土造,103年2月24日,三層,一層 二層 三層 見其他登記事項 見其他登記事項
RPRNMLLLRHJFFCQ66CA,12,102.61,見其他登記事項,鋼筋混凝土造,91年7月25日,五層,
RPRNMLLLRHJFFCQ66CA,12,33.34,停車空間,鋼筋混凝土造,91年7月25日,五層,
RPRNMLLLRHJFFCQ66CA,12,12.17,見其他登記事項,鋼筋混凝土造,91年7月25日,五層,
RPRNMLLLRHJFFCQ66CA,12,.61,見其他登記事項,鋼筋混凝土造,91年7月25日,五層,
RPQNMLLKRHJFFCQ09CA,14,213.49,住家用,鋼筋混凝土造,89年11月29日,二層,一層 二層 陽台 電梯樓梯間
RPRNMLQKRHJFFBQ96CA,,203.60,住家用,鋼筋混凝土造,103年2月11日,四層,一層 二層 三層 四層 見其他登記事項
RPSNMLQKRHJFFBQ07CA,,203.80,住家用,鋼筋混凝土造,103年2月11日,四層,一層 二層 三層 四層 見其他登記事項
RPWNMLTKRHJFFBQ77CA,19,163.48,住商用,ＲＣ鋼骨造,84年4月28日,四層,一層 二層 三層 四層 陽台
RPRNMLKKRHJFFBQ98CA,41,97.84,住商用,鋼筋混凝土、補強磚木造,62年5月31日,三層,一層 二層 三層 騎樓
SPROMLTLRHJFFBQ57CA,9,15.99,住家用,鋼筋混凝土造,94年10月3日,十層,六層 陽台
SPROMLTLRHJFFBQ57CA,9,.09,管理委員會使用空間,鋼筋混凝土造,94年10月3日,十層,
SPROMLTLRHJFFBQ57CA,9,7.89,機電設備空間、停車空間、樓梯間、走廊、機械室、水塔,鋼筋混凝土造,94年10月3日,十層,
RPPNMLLLRHJFFDQ56CA,33,103.12,住商用,鋼筋混凝土加強磚造,70年5月1日,二層,一層 二層 騎樓 電梯樓梯間
RPUNMLQLRHJFFCQ67EA,34,101.10,住家用,鋼筋混凝土加強磚造,70年2月12日,二層,一層 二層 電梯樓梯間
RPRNMLPKRHJFFDQ07CA,9,16.15,見其他登記事項,鋼筋混凝土造,94年8月15日,五層,五層
RPRNMLPKRHJFFDQ07CA,9,7.19,見其他登記事項,鋼筋混凝土造,94年8月15日,五層,
RPQNMLKKRHJFFEQ56CA,21,168.37,住家用,鋼筋混凝土造,82年9月6日,三層,一層 二層 三層 騎樓 電梯樓梯間
RPRNMLPKRHJFFEQ17CA,28,132.41,住商用,鋼筋混凝土加強磚造,75年11月24日,二層,一層 二層 騎樓
RPSNMLLKRHJFFBQ66DA,35,201.54,住商用,鋼筋混凝土加強磚造,68年4月13日,三層,一層 二層 三層 騎樓 電梯樓梯間
RPPOMLTKRHJFFBQ27DA,13,1159.60,豬舍、堆肥舍、污水池,磚木造、ＲＣ造,90年12月19日,一層,一層
TPROMLTLRHJFFBQ67CA,9,17.49,住家用,鋼筋混凝土造,94年10月3日,十層,四層 陽台
TPROMLTLRHJFFBQ67CA,9,.11,管理委員會使用空間,鋼筋混凝土造,94年10月3日,十層,
TPROMLTLRHJFFBQ67CA,9,9.22,機電設備空間、停車空間、樓梯間、走廊、機械室、水塔,鋼筋混凝土造,94年10月3日,十層,
RPRNMLSJIIJFFDQ09CA,31,99.48,住家用,鋼筋混凝土加強磚造,72年3月2日,二層,一層 二層 電梯樓梯間
RPTOMLTLRHJFFBQ67CA,9,15.99,住家用,鋼筋混凝土造,94年10月3日,十層,九層 陽台
RPTOMLTLRHJFFBQ67CA,9,.09,管理委員會使用空間,鋼筋混凝土造,94年10月3日,十層,
RPTOMLTLRHJFFBQ67CA,9,7.89,機電設備空間、停車空間、樓梯間、走廊、機械室、水塔,鋼筋混凝土造,94年10月3日,十層,
SPVOMLTLRHJFFBQ97CA,9,17.04,住家用,鋼筋混凝土造,94年10月3日,十層,十層 陽台
SPVOMLTLRHJFFBQ97CA,9,.10,管理委員會使用空間,鋼筋混凝土造,94年10月3日,十層,
SPVOMLTLRHJFFBQ97CA,9,8.80,機電設備空間、停車空間、樓梯間、走廊、機械室、水塔,鋼筋混凝土造,94年10月3日,十層,
RPVOMLTLRHJFFBQ87CA,9,17.49,住家用,鋼筋混凝土造,94年10月3日,十層,十層 陽台
RPVOMLTLRHJFFBQ87CA,9,.11,管理委員會使用空間,鋼筋混凝土造,94年10月3日,十層,
RPVOMLTLRHJFFBQ87CA,9,9.22,機電設備空間、停車空間、樓梯間、走廊、機械室、水塔,鋼筋混凝土造,94年10月3日,十層,
RPRNMLRKRHJFFDQ37DA,33,69.30,住家用,鋼筋混凝土加強磚造,70年12月24日,一層,一層
SPXOMLTLRHJFFBQ18CA,9,19.96,住家用,鋼筋混凝土造,94年10月3日,十層,十層 陽台
SPXOMLTLRHJFFBQ18CA,9,.12,管理委員會使用空間,鋼筋混凝土造,94年10月3日,十層,
RPRPMLTLRHJFFBQ57CA,9,19.96,住家用,鋼筋混凝土造,94年10月3日,十層,六層 陽台
SPXOMLTLRHJFFBQ18CA,9,10.53,機電設備空間、停車空間、樓梯間、走廊、機械室、水塔,鋼筋混凝土造,94年10月3日,十層,
RPRPMLTLRHJFFBQ57CA,9,.12,管理委員會使用空間,鋼筋混凝土造,94年10月3日,十層,
RPRPMLTLRHJFFBQ57CA,9,10.53,機電設備空間、停車空間、樓梯間、走廊、機械室、水塔,鋼筋混凝土造,94年10月3日,十層,
RPPPMLTLRHJFFBQ37CA,9,19.96,住家用,鋼筋混凝土造,94年10月3日,十層,五層 陽台
RPPPMLTLRHJFFBQ37CA,9,.12,管理委員會使用空間,鋼筋混凝土造,94年10月3日,十層,
RPPPMLTLRHJFFBQ37CA,9,10.53,機電設備空間、停車空間、樓梯間、走廊、機械室、水塔,鋼筋混凝土造,94年10月3日,十層,
RPXOMLTLRHJFFBQ08CA,9,19.96,住家用,鋼筋混凝土造,94年10月3日,十層,十層 陽台
RPXOMLTLRHJFFBQ08CA,9,.12,管理委員會使用空間,鋼筋混凝土造,94年10月3日,十層,
RPXOMLTLRHJFFBQ08CA,9,10.53,機電設備空間、停車空間、樓梯間、走廊、機械室、水塔,鋼筋混凝土造,94年10月3日,十層,
RPQNMLNLRHJFFCQ76CA,1,166.64,住宅、樓梯間,鋼筋混凝土造,103年2月6日,三層,一層 二層 三層 見其他登記事項 見其他登記事項
RPPOMLLJIIJFFCQ18CA,22,143.63,住家用,見其他登記事項,80年7月5日,一層,
RPQNMLMKRHJFFCQ56CA,8,231.85,停車空間、集合住宅,鋼筋混凝土造,95年9月4日,四層,一層 二層 三層 四層 見其他登記事項
RPTNMLRKRHJFFCQ37CA,33,82.41,住家用,鋼筋混凝土加強磚造,70年10月12日,一層,一層 騎樓
RPPNMLLKRHJFFCQ56EA,21,146.70,住家用,鋼筋混凝土造,81年3月21日,三層,一層 二層 三層 陽台
RPQNMLNLRHJFFBQ66CA,8,15.06,住家用,鋼筋混凝土造,95年8月28日,八層,三層 陽台
RPQNMLNLRHJFFBQ66CA,8,4.20,共有部分,鋼筋混凝土造,95年8月28日,,
RPQNMLNLRHJFFBQ66CA,8,5.78,共有部分,鋼筋混凝土造,95年8月28日,,
RPROMLTLRHJFFBQ47CA,9,15.99,住家用,鋼筋混凝土造,94年10月3日,十層,五層 陽台
RPROMLTLRHJFFBQ47CA,9,.09,管理委員會使用空間,鋼筋混凝土造,94年10月3日,十層,
RPROMLTLRHJFFBQ47CA,9,7.89,機電設備空間、停車空間、樓梯間、走廊、機械室、水塔,鋼筋混凝土造,94年10月3日,十層,
RPRNMLNLRHJFFBQ76CA,8,15.06,住家用,鋼筋混凝土造,95年8月28日,八層,三層 陽台
RPRNMLNLRHJFFBQ76CA,8,4.20,共有部分,鋼筋混凝土造,95年8月28日,,
RPRNMLNLRHJFFBQ76CA,8,5.78,共有部分,鋼筋混凝土造,95年8月28日,,
RPPNMLNLRHJFFBQ56CA,8,15.06,住家用,鋼筋混凝土造,95年8月28日,八層,三層 陽台
RPPNMLNLRHJFFBQ56CA,8,4.20,共有部分,鋼筋混凝土造,95年8月28日,,
RPPNMLNLRHJFFBQ56CA,8,5.78,共有部分,鋼筋混凝土造,95年8月28日,,
RPWNMLLJIIJFFCQ78CA,21,140.96,住家用,鋼筋混凝土造,82年3月8日,二層,一層 二層 電梯樓梯間 夾層
RPPNMLPKRHJFFCQ76CA,18,102.09,國民住宅,鋼筋混凝土造,85年11月15日,五層,四層 陽台
RPPNMLPKRHJFFCQ76CA,18,9.83,共有部分,鋼筋混凝土造,85年11月15日,五層,
RPPNMLPKRHJFFCQ76CA,18,.52,共有部分,鋼筋混凝土造,85年11月15日,地下二層,
RPSNMLPLRHJFFCQ37EA,2,223.94,住宅、停車空間、樓梯間,鋼筋混凝土造,101年10月24日,三層,一層 二層 三層 見其他登記事項 見其他登記事項
RPPNMLMKRHJFFBQ98CA,6,259.64,集合住宅、停車空間,鋼筋混凝土造,97年4月8日,四層,一層 二層 三層 四層 地下一層 見其他登記事項
RPPNMLMKRHJFFBQ98CA,6,4.15,管理委員會室,鋼筋混凝土造,97年4月8日,三層,
RPPNMLMKRHJFFBQ98CA,6,25.97,停車空間,鋼筋混凝土造,97年4月8日,四層,
RPTNMLLLRHJFFDQ96CA,35,112.32,住家用,鋼筋混凝土加強磚造,68年9月26日,二層,一層 二層 騎樓 電梯樓梯間
RPRNMLMKRHJFFDQ86DA,20,186.56,住商用,鋼筋混凝土造,83年8月11日,三層,一層 二層 三層 地下層 見其他登記事項
RPQNMLPKRHJFFEQ07CA,21,51.58,住家用,鋼筋混凝土造,82年4月1日,十八層,二層 陽台
RPQNMLPKRHJFFEQ07CA,21,10.28,梯間,鋼筋混凝土造,82年4月1日,十八層,
RPQNMLPKRHJFFEQ07CA,21,2.45,守衛室．健身房．游泳池．防空避難室兼停車場,鋼筋混凝土造,82年4月1日,,
RPQNMLQKRHJFFEQ37EA,16,85.75,住家用,鋼筋混凝土造,87年7月17日,八層,六層 陽台 雨遮
RPPOMLPKRHJFFDQ07DA,32,94.02,住商用,鋼筋混凝土加強磚造,71年5月6日,二層,一層 二層 電梯樓梯間
SPRPMLTLRHJFFBQ67CA,9,19.96,住家用,鋼筋混凝土造,94年10月3日,十層,四層 陽台
SPRPMLTLRHJFFBQ67CA,9,.12,管理委員會使用空間,鋼筋混凝土造,94年10月3日,十層,
SPRPMLTLRHJFFBQ67CA,9,10.53,機電設備空間、停車空間、樓梯間、走廊、機械室、水塔,鋼筋混凝土造,94年10月3日,十層,
RPSNMLLLRHJFFDQ86CA,36,82.00,,鋼筋混凝土加強磚造,67年4月7日,二層,一層 二層
RPQOMLPKRHJFFDQ07CA,2,157.90,住宅、樓梯間,鋼筋混凝土造,101年11月22日,三層,一層 二層 三層 陽台 見其他登記事項
RPRNMLSJIIJFFCQ98CA,36,76.00,住商用,鋼筋混凝土加強磚造,67年10月26日,二層,一層 二層 騎樓
RPQOMLQLRHJFFDQ27CA,8,167.60,住宅、樓梯間,鋼筋混凝土造,95年11月8日,三層,一層 二層 三層 陽台 見其他登記事項
RPQNMLRKRHJFFCQ07CA,38,84.74,住家用,鋼筋混凝土加強磚造,66年1月30日,二層,一層 二層
RPTNMLLJIIJFFDQ58CA,18,109.63,一般事務所,鋼筋混凝土造,86年1月17日,七層,七層 陽台
RPTNMLLJIIJFFDQ58CA,18,41.95,水箱、防空避難室兼停車場、電梯、樓梯間機械室,鋼筋混凝土造,86年1月17日,七層,
RPRNMLPKRHJFFBQ86CA,,180.57,住宅、樓梯間,鋼筋混凝土造,103年3月25日,三層,一層 二層 三層 見其他登記事項 見其他登記事項
RPSNMLPKRHJFFBQ96CA,,183.91,住宅、樓梯間,鋼筋混凝土造,103年3月25日,三層,一層 二層 三層 見其他登記事項 見其他登記事項
RPRNMLTLRHJFFBQ37CA,6,1368.27,雞舍,鋼鐵構造﹝有牆﹞,97年11月10日,一層,一層
RPRNMLTLRHJFFBQ37CA,6,1368.27,雞舍,鋼鐵構造﹝有牆﹞,97年11月10日,一層,一層
RPRNMLTLRHJFFBQ37CA,6,62.15,倉儲設施,鋼鐵構造﹝有牆﹞,97年11月10日,一層,一層
RPRNMLTLRHJFFBQ37CA,6,53.08,堆肥舍,鋼鐵構造﹝有牆﹞,97年11月10日,一層,一層
RPRNMLTLRHJFFBQ37CA,7,1561.56,雞舍,鋼鐵構造﹝有牆﹞,96年8月30日,,見其他登記事項
RPRNMLTLRHJFFBQ37CA,7,1561.56,雞舍,鋼鐵構造﹝有牆﹞,96年8月30日,,見其他登記事項
RPRNMLTLRHJFFBQ37CA,7,44.85,倉儲設施,鋼鐵構造﹝有牆﹞,96年8月30日,,見其他登記事項
RPRNMLTLRHJFFBQ37CA,7,57.20,倉儲設施,鋼鐵構造﹝有牆﹞,96年8月30日,,見其他登記事項
RPRNMLTLRHJFFBQ37CA,7,3.24,飼料桶,鋼鐵構造﹝有牆﹞,96年8月30日,,見其他登記事項
RPRNMLTLRHJFFBQ37CA,7,3.24,飼料桶,鋼鐵構造﹝有牆﹞,96年8月30日,,見其他登記事項
RPRNMLTLRHJFFBQ37CA,7,3.24,飼料桶,鋼鐵構造﹝有牆﹞,96年8月30日,,見其他登記事項
RPRNMLTLRHJFFBQ37CA,7,3.24,飼料桶,鋼鐵構造﹝有牆﹞,96年8月30日,,見其他登記事項
RPPNMLRKRHJFFDQ17DA,11,21.64,集合住宅,鋼筋混凝土造,92年5月5日,五層,二層 陽台
RPUNMLSKRHJFFDQ67CA,34,118.07,住家用,鋼筋混凝土加強磚造,69年6月4日,二層,一層 二層 電梯樓梯間
RPQNMLRKRHJFFDQ17CA,36,88.14,住家用,鋼筋混凝土加強磚造,67年5月15日,二層,一層 二層
RPOOMLQLRHJFFDQ07CA,17,73.91,住房、集合住宅,鋼筋混凝土造,86年6月23日,7,四層 陽台 花台
RPOOMLQLRHJFFDQ07CA,17,13.09,樓梯間室、機械室、水箱、瞭望台,鋼筋混凝土造,86年6月23日,七層,
RPOOMLQLRHJFFDQ07CA,17,12.58,見其他登記事項,鋼筋混凝土造,86年6月23日,七層,
RPSNMLTKRHJFFCQ47CA,34,111.96,住商用,鋼筋混凝土加強磚造,69年11月18日,二層,一層 二層 騎樓 電梯樓梯間
RPOOMLLJIIJFFCQ08CA,33,64.68,住家用,磚造,70年10月17日,一層,一層
RPTNMLRKRHJFFBQ27CA,6,284.31,集合住宅、停車空間,鋼筋混凝土造,97年4月8日,四層,一層 二層 三層 四層 地下一層 見其他登記事項
RPTNMLRKRHJFFBQ27CA,6,4.62,管理委員會室,鋼筋混凝土造,97年4月8日,三層,
RPTNMLRKRHJFFBQ27CA,6,28.89,停車空間,鋼筋混凝土造,97年4月8日,四層,
RPXNMLRKRHJFFCQ77CA,18,41.13,集合住宅,鋼筋混凝土造,85年12月20日,十一層,七層 陽台
RPXNMLRKRHJFFCQ77CA,18,4.05,共有部分,鋼筋混凝土造,85年12月20日,十一層,
RPXNMLRKRHJFFCQ77CA,18,.31,共有部分,鋼筋混凝土造,85年12月20日,十一層,
RPXNMLRKRHJFFCQ77CA,18,3.75,共有部分,鋼筋混凝土造,85年12月20日,十一層,
RPXNMLRKRHJFFCQ77CA,18,3.58,共有部分,鋼筋混凝土造,85年12月20日,十一層,
RPUNMLRKRHJFFBQ37CA,6,149.05,集合住宅、停車空間,鋼筋混凝土造,97年4月8日,四層,一層 二層 三層 四層 地下一層 見其他登記事項
RPUNMLRKRHJFFBQ37CA,6,2.23,管理委員會室,鋼筋混凝土造,97年4月8日,三層,
RPUNMLRKRHJFFBQ37CA,6,13.96,停車空間,鋼筋混凝土造,97年4月8日,四層,
RPUNMLRKRHJFFBQ37CA,6,149.05,集合住宅、停車空間,鋼筋混凝土造,97年4月8日,四層,一層 二層 三層 四層 地下一層 見其他登記事項
RPUNMLRKRHJFFBQ37CA,6,2.23,管理委員會室,鋼筋混凝土造,97年4月8日,三層,
RPUNMLRKRHJFFBQ37CA,6,13.96,停車空間,鋼筋混凝土造,97年4月8日,四層,
RPQNMLTKRHJFFCQ27CA,22,214.51,住商用,鋼筋混凝土造,82年1月19日,四層,一層 二層 三層 四層 騎樓 電梯樓梯間
RPQOMLRKRHJFFBQ07CA,8,19.72,住家用,鋼筋混凝土造,95年8月28日,八層,四層 陽台
RPQOMLRKRHJFFBQ07CA,8,4.75,共有部分,鋼筋混凝土造,95年8月28日,,
RPQOMLRKRHJFFBQ07CA,8,7.61,共有部分,鋼筋混凝土造,95年8月28日,,
RPQOMLTKRHJFFBQ27CA,26,135.82,住家用,鋼筋混凝土加強磚造,77年5月17日,二層,一層 二層 騎樓 電梯樓梯間
RPTNMLNLRHJFFDQ17CA,34,161.78,住商用,鋼筋混凝土加強磚造,69年8月12日,三層,一層 二層 三層 騎樓 電梯樓梯間
RPRNMLMLRHJFFCQ86DA,21,204.42,住商用,鋼筋混凝土造,83年1月5日,四層,一層 二層 三層 四層 見其他登記事項
RPVNMLLJIIJFFDQ78CA,21,86.01,集合住宅,鋼筋混凝土造,82年10月6日,九層,九層 陽台 花台
RPVNMLLJIIJFFDQ78CA,21,13.03,梯間,鋼筋混凝土造,82年10月6日,九層,
RPRNMLOJIIJFFDQ68CA,1,175.11,停車空間、住宅、樓梯間,鋼筋混凝土造,102年9月9日,三層,一層 二層 三層 陽台 雨遮 見其他登記事項
RPVNMLLJIIJFFDQ78CA,21,13.34,避難室、停車場,鋼筋混凝土造,82年10月6日,9,
RPQNMLOJIIJFFDQ58CA,12,178.72,住家用,鋼筋混凝土造,91年3月19日,三層,一層 二層 三層 見其他登記事項
RPPNMLKLRHJFFDQ09CA,11,2.79,集合住宅,鋼筋混凝土造,92年5月5日,五層,
RPPNMLKLRHJFFDQ09CA,11,15.89,集合住宅,鋼筋混凝土造,92年5月5日,五層,二層 陽台
RPTNMLPLRHJFFDQ37CA,30,126.63,住家用,鋼筋混凝土加強磚造,73年11月19日,三層,一層 二層 三層
RPTNMLMJIIJFFDQ68CA,9,16.15,見其他登記事項,鋼筋混凝土造,94年8月15日,五層,五層
RPTNMLMJIIJFFDQ68CA,9,7.19,見其他登記事項,鋼筋混凝土造,94年8月15日,五層,
RPTNMLMJIIJFFDQ68CA,9,16.15,見其他登記事項,鋼筋混凝土造,94年8月15日,五層,五層
RPTNMLMJIIJFFDQ68CA,9,7.19,見其他登記事項,鋼筋混凝土造,94年8月15日,五層,
RPPNMLOLRHJFFBQ66CA,35,119.00,住家用,鋼筋混凝土加強磚造,68年5月24日,二層,一層 二層 騎樓
RPTNMLTKRHJFFCQ57CA,18,91.61,集合住宅,鋼筋混凝土造,85年12月20日,十一層,六層 陽台
RPTNMLTKRHJFFCQ57CA,18,.73,共有部分,鋼筋混凝土造,85年12月20日,十一層,
RPTNMLTKRHJFFCQ57CA,18,10.74,共有部分,鋼筋混凝土造,85年12月20日,十一層,
RPTNMLTKRHJFFCQ57CA,18,17.46,共有部分,鋼筋混凝土造,85年12月20日,十一層,
RPQNMLMLRHJFFBQ56CA,43,80.36,住家用,磚造,60年12月10日,一層,
RPQNMLOKIIJFFCQ58CA,33,98.76,住家用,鋼筋混凝土加強磚造,70年12月29日,二層,一層 二層
RPUNMLPKIIJFFCQ09CA,,314.36,住家用,鋼筋混凝土造,103年7月25日,四層,一層 二層 三層 四層 見其他登記事項
RPRNMLOKIIJFFCQ68CA,33,103.84,住家用,鋼筋混凝土加強磚造,70年3月1日,二層,一層 二層 電梯樓梯間
RPUNMLNLRHJFFDQ27CA,23,135.71,住家用,鋼筋混凝土造,80年12月31日,三層,一層 二層 三層 騎樓 電梯樓梯間
RPSNMLQJIIJFFDQ98CA,1,177.97,停車空間、住宅、樓梯間,鋼筋混凝土造,102年9月9日,三層,一層 二層 三層 陽台 雨遮 見其他登記事項
RPUNMLOKIIJFFDQ09CA,,210.35,住家用,鋼筋混凝土,103年5月6日,三層,一層 二層 三層 陽台 見其他登記事項
RPWNMLOKIIJFFDQ66CA,,198.62,住家用,鋼筋混凝土,103年5月6日,三層,一層 二層 三層 陽台 見其他登記事項
RPPNMLOLRHJFFCQ96EA,19,12.31,共有部分,鋼筋混凝土造,84年11月28日,五層,
RPPNMLOLRHJFFCQ96EA,19,119.18,集合住宅,鋼筋混凝土造,84年11月28日,五層,五層 陽台 夾層
RPVNMLKLIIJFFCQ88DA,33,39.97,住家用,鋼筋混凝土加強磚造,70年12月16日,一層,一層
RPSNMLPLRHJFFEQ37CA,29,124.24,住商用,鋼筋混凝土造,74年3月25日,二層,一層 二層
RPQNMLRLRHJFFEQ37CA,19,246.97,住宅、停車場,鋼筋混凝土造,85年1月23日,三層,一層 二層 三層 地下層
RPQNMLRLRHJFFEQ37CA,19,29.30,停車場,鋼筋混凝土造,85年1月23日,四層,
RPPNMLSJIIJFFDQ88CA,21,157.70,住家用,鋼筋混凝土造,82年9月7日,三層,一層 二層 三層
RPRNMLLJIIJFFBQ18CA,5,213.00,住商用,鋼筋混凝土造,98年11月11日,四層,一層 二層 三層 四層 見其他登記事項
RPRNMLLJIIJFFBQ18CA,5,.82,管理員室,鋼筋混凝土造,98年11月11日,二層,一層 二層 見其他登記事項
RPQNMLTJIIJFFBQ88CA,24,42.70,營業室、值日室,加強磚造,79年11月3日,二層,一層 二層 電梯樓梯間
RPQNMLTJIIJFFBQ88CA,24,42.70,營業室、值日室,加強磚造,79年11月3日,二層,一層 二層 電梯樓梯間
RPQNMLTJIIJFFBQ88CA,24,42.70,營業室、值日室,加強磚造,79年11月3日,二層,一層 二層 電梯樓梯間
RPQNMLTJIIJFFBQ88CA,24,15.07,營業室、值日室,加強磚造,79年11月3日,二層,一層 二層 電梯樓梯間
RPQNMLTJIIJFFBQ88CA,24,42.08,加油雨棚,鋼筋混凝土造,79年11月3日,一層,一層
RPQNMLTJIIJFFBQ88CA,24,42.08,加油雨棚,鋼筋混凝土造,79年11月3日,一層,一層
RPQNMLTJIIJFFBQ88CA,24,14.85,加油雨棚,鋼筋混凝土造,79年11月3日,一層,一層
RPOOMLRJIIJFFBQ58CA,21,171.55,住家用,鋼筋混凝土加強磚造,83年1月21日,二層,一層 二層 電梯樓梯間
RPQNMLLJIIJFFDQ28CA,21,78.09,住家用,木造,82年10月28日,二層,一層 二層 花台
RPVNMLOLRHJFFDQ47CA,9,309.72,集合住宅、停車空間、機電設備間,鋼筋混凝土造,95年2月16日,四層,一層 二層 三層 四層 地下層 見其他登記事項
RPVNMLOLRHJFFDQ47CA,9,1.59,門廳、遊憩設施,鋼筋混凝土造,94年8月26日,三層,
RPVNMLOLRHJFFDQ47CA,9,5.08,門廳、遊憩設施、機械空間、梯間、游泳池,鋼筋混凝土造,94年8月26日,二層,
RPPNMLOKIIJFFDQ58CA,33,115.72,住商用,鋼筋混凝土加強磚造,70年6月25日,二層,一層 二層 電梯樓梯間
RPWNMLOKIIJFFBQ09CA,9,19.96,住家用,鋼筋混凝土造,94年10月3日,十層,七層 陽台
RPWNMLOKIIJFFBQ09CA,9,.12,管理委員會使用空間,鋼筋混凝土造,94年10月3日,十層,
RPWNMLOKIIJFFBQ09CA,9,10.53,機電設備空間、停車空間、樓梯間、走廊、機械室、水塔,鋼筋混凝土造,94年10月3日,十層,
RPUNMLOKIIJFFBQ88CA,9,19.96,住家用,鋼筋混凝土造,94年10月3日,十層,八層 陽台
RPUNMLOKIIJFFBQ88CA,9,.12,管理委員會使用空間,鋼筋混凝土造,94年10月3日,十層,
RPUNMLOKIIJFFBQ88CA,9,10.53,機電設備空間、停車空間、樓梯間、走廊、機械室、水塔,鋼筋混凝土造,94年10月3日,十層,
RPRNMLPLRHJFFBQ07DA,20,166.92,住家用,鋼筋混凝土造,83年6月21日,三層,一層 二層 三層 陽台 電梯樓梯間
RPPNMLQLRHJFFCQ07DA,33,119.96,住家用,鋼筋混凝土加強磚造,70年12月31日,二層,
RPPNMLKMRHJFFCQ09CA,19,88.13,集合住宅,鋼筋混凝土造,84年11月28日,五層,二層 陽台
RPPNMLKMRHJFFCQ09CA,19,17.89,共有部分,鋼筋混凝土造,84年11月28日,五層,
RPPNMLSLRHJFFDQ27CA,33,164.92,住商用,鋼筋混凝土加強磚造,70年6月25日,二層,一層 二層 騎樓 電梯樓梯間
RPTNMLPLRHJFFCQ27CA,35,109.14,住商用,鋼筋混凝土加強磚造,68年9月24日,二層,一層 二層 電梯樓梯間 夾層
RPOOMLNKIIJFFCQ38CA,22,36.90,商業用,鋼筋混凝土造,81年11月30日,五層,一層 平台
RPOOMLNKIIJFFCQ38CA,22,3.81,共有部分,鋼筋混凝土造,81年11月30日,地下層,
RPOOMLNKIIJFFCQ38CA,22,3.47,共有部分,鋼筋混凝土造,81年11月30日,五層,
RPTNMLKKIIJFFCQ48CA,17,87.79,集合住宅,鋼筋混凝土造,86年11月18日,五層,四層 陽台
RPTNMLKKIIJFFCQ48CA,17,10.51,共有部分,鋼筋混凝土造,86年11月18日,五層,
RPTNMLKKIIJFFCQ48CA,17,.42,共有部分,鋼筋混凝土造,86年11月18日,一層,
RPTNMLPLRHJFFCQ47EA,13,127.75,住家用,鋼筋混凝土造,91年1月14日,三層,
RPRNMLKKIIJFFCQ28CA,12,99.21,見其他登記事項,鋼筋混凝土造,91年7月25日,五層,
RPRNMLKKIIJFFCQ28CA,12,12.74,見其他登記事項,鋼筋混凝土造,91年7月25日,五層,
RPRNMLKKIIJFFCQ28CA,12,33.34,停車空間,鋼筋混凝土造,91年7月25日,五層,
RPWNMLSJIIJFFBQ76CA,1,272.01,住家用,鋼筋混凝土造,103年2月11日,四層,一層 二層 三層 四層 見其他登記事項
RPPNMLKMRHJFFBQ98CA,20,146.89,住商用,鋼筋混凝土加強磚造,83年3月26日,四層,一層 二層 三層 四層 電梯樓梯間
RPUNMLQLRHJFFBQ37CA,,239.31,住宅、樓梯間,鋼筋混凝土造,103年2月24日,三層,一層 二層 三層 見其他登記事項 見其他登記事項
RPVNMLNJIIJFFDQ98CA,33,108.53,住家用,鋼筋混凝土加強磚造,70年12月20日,二層,一層 二層 騎樓
RPTNMLRKIIJFFBQ09CA,8,19.72,住家用,鋼筋混凝土造,95年8月28日,八層,七層 陽台
RPXNMLQLRHJFFDQ87CA,32,54.30,住家用,鋼筋混凝土加強磚造,71年7月7日,二層,一層 二層 電梯樓梯間
RPTNMLRKIIJFFBQ09CA,8,18.54,住家用,鋼筋混凝土造,95年8月28日,八層,七層 陽台
RPXNMLQLRHJFFDQ87CA,32,54.30,住家用,鋼筋混凝土加強磚造,71年7月7日,二層,一層 二層 電梯樓梯間
RPPNMLKMRHJFFDQ66DA,34,78.55,住家用,鋼筋混凝土加強磚造,69年11月14日,二層,一層 二層
RPRNMLQJIIJFFDQ88CA,33,150.80,住商用,鋼筋混凝土加強磚造,71年2月27日,三層,一層 二層 三層 騎樓 電梯樓梯間
RPSNMLNKIIJFFDQ88DA,27,114.00,住家用,鋼筋混凝土加強磚造,76年10月14日,二層,一層 二層 電梯樓梯間
RPTNMLTLRHJFFBQ57CA,6,419.77,集合住宅、停車空間,鋼筋混凝土造,97年4月8日,四層,一層 二層 三層 四層 地下一層 見其他登記事項
RPTNMLTLRHJFFBQ57CA,6,9.35,管理委員會室,鋼筋混凝土造,97年4月8日,三層,
RPTNMLTLRHJFFBQ57CA,6,58.43,停車空間,鋼筋混凝土造,97年4月8日,四層,
RPUNMLTLRHJFFBQ67CA,6,419.77,集合住宅、停車空間,鋼筋混凝土造,97年4月8日,四層,一層 二層 三層 四層 地下一層 見其他登記事項
RPUNMLTLRHJFFBQ67CA,6,9.35,管理委員會室,鋼筋混凝土造,97年4月8日,三層,
RPUNMLTLRHJFFBQ67CA,6,58.43,停車空間,鋼筋混凝土造,97年4月8日,四層,
RPPNMLQJIIJFFCQ58CA,7,21.15,集合住宅,鋼筋混凝土造,96年6月23日,五層,四層 陽台
RPPNMLQJIIJFFCQ58CA,7,7.03,停車空間、機電設備空間、管理室、梯廳、走廊,鋼筋混凝土造,96年6月23日,五層,
RPVNMLSJIIJFFCQ76CA,24,109.73,住家用,鋼筋混凝土造,79年4月13日,三層,一層 二層 三層
RPTNMLSJIIJFFCQ76EA,8,182.30,集合住宅、店舖,鋼筋混凝土造,95年9月5日,四層,一層 二層 三層 四層 見其他登記事項
RPSNMLMJIIJFFCQ48CA,34,101.10,住家用,鋼筋混凝土加強磚造,70年2月12日,二層,一層 二層 電梯樓梯間
RPVNMLKMRHJFFDQ17CA,10,19.53,見其他登記事項,鋼筋混凝土造,93年6月9日,五層,三層
RPVNMLKMRHJFFDQ17CA,10,5.76,見其他登記事項,鋼筋混凝土造,93年6月9日,五層,
RPUNMLKMRHJFFDQ17DA,,182.89,門廊、住宅,鋼筋混凝土造,103年4月7日,三層,一層 二層 三層 陽台
RPTNMLSJIIJFFDQ66CA,21,179.67,住家用,鋼筋混凝土造,82年9月7日,三層,一層 二層 三層
RPRNMLLJIIJFFDQ38CA,10,193.62,店舖　集合住宅,鋼筋混凝土造,94年3月17日,四層,一層 二層 三層 四層 見其他登記事項
RPPNMLMJIIJFFBQ08CA,12,19.56,住家用,鋼筋混凝土造,91年4月23日,四層,四層 陽台
RPPNMLMJIIJFFBQ08CA,12,1.86,共有部分,鋼筋混凝土造,91年4月23日,四層,
RPPNMLMJIIJFFBQ08CA,12,4.92,共有部分,鋼筋混凝土造,91年4月23日,四層,
RPTNMLRKIIJFFCQ56CA,,248.49,住宅類場所、水箱,鋼筋混凝土造,103年8月6日,四層,一層 二層 三層 四層 見其他登記事項 見其他登記事項
RPSNMLRKIIJFFCQ09CA,,196.95,住宅類場所、水箱,鋼筋混凝土造,103年8月6日,四層,一層 二層 三層 四層 見其他登記事項 見其他登記事項
RPUNMLRKIIJFFCQ66CA,,250.24,住宅類場所、水箱,鋼筋混凝土造,103年8月6日,四層,一層 二層 三層 四層 見其他登記事項 見其他登記事項
RPSNMLTJIIJFFCQ56CA,23,140.37,住商用,鋼筋混凝土加強磚造,81年2月10日,二層,一層 二層 騎樓 電梯樓梯間
RPVNMLNKIIJFFDQ66EA,36,45.66,住商用,鋼筋混凝土加強磚造,67年7月20日,二層,一層 二層
RPQNMLNJIIJFFCQ38CA,8,214.19,室內停車空間、住宅,鋼筋混凝土造,96年1月18日,四層,一層 二層 三層 四層 見其他登記事項 見其他登記事項
RPRNMLSKIIJFFCQ09CA,11,244.05,集合住宅,鋼筋混凝土造,92年11月28日,四層,一層 二層 三層 四層 見其他登記事項
RPOOMLOKIIJFFBQ38CA,9,16.03,住家用,鋼筋混凝土造,94年10月3日,十層,七層 陽台
RPOOMLOKIIJFFBQ38CA,9,.10,管理委員會使用空間,鋼筋混凝土造,94年10月3日,十層,
RPOOMLOKIIJFFBQ38CA,9,8.47,機電設備空間、停車空間、樓梯間、走廊、機械室、水塔,鋼筋混凝土造,94年10月3日,十層,
RPPOMLOKIIJFFBQ48CA,9,15.99,住家用,鋼筋混凝土造,94年10月3日,十層,二層 陽台
RPPOMLOKIIJFFBQ48CA,9,.09,管理委員會使用空間,鋼筋混凝土造,94年10月3日,十層,
RPPOMLOKIIJFFBQ48CA,9,7.89,機電設備空間、停車空間、樓梯間、走廊、機械室、水塔,鋼筋混凝土造,94年10月3日,十層,
RPWNMLKMIIJFFCQ98CA,1,206.98,住宅、樓梯間,鋼筋混凝土造,103年2月6日,三層,一層 二層 三層 見其他登記事項 見其他登記事項
SPTNMLNLIIJFFBQ88CA,9,16.03,住家用,鋼筋混凝土造,94年10月3日,十層,九層 陽台
SPTNMLNLIIJFFBQ88CA,9,.10,管理委員會使用空間,鋼筋混凝土造,94年10月3日,十層,
SPTNMLNLIIJFFBQ88CA,9,8.47,機電設備空間、停車空間、樓梯間、走廊、機械室、水塔,鋼筋混凝土造,94年10月3日,十層,
TPTNMLNLIIJFFBQ98CA,9,16.03,住家用,鋼筋混凝土造,94年10月3日,十層,九層 陽台
TPTNMLNLIIJFFBQ98CA,9,.10,管理委員會使用空間,鋼筋混凝土造,94年10月3日,十層,
TPTNMLNLIIJFFBQ98CA,9,8.47,機電設備空間、停車空間、樓梯間、走廊、機械室、水塔,鋼筋混凝土造,94年10月3日,十層,
RPTNMLNLIIJFFBQ78CA,9,16.03,住家用,鋼筋混凝土造,94年10月3日,十層,七層 陽台
RPTNMLNLIIJFFBQ78CA,9,.10,管理委員會使用空間,鋼筋混凝土造,94年10月3日,十層,
RPTNMLNLIIJFFBQ78CA,9,8.47,機電設備空間、停車空間、樓梯間、走廊、機械室、水塔,鋼筋混凝土造,94年10月3日,十層,
VPTNMLNLIIJFFBQ56CA,9,16.03,住家用,鋼筋混凝土造,94年10月3日,十層,四層 陽台
VPTNMLNLIIJFFBQ56CA,9,.10,管理委員會使用空間,鋼筋混凝土造,94年10月3日,十層,
VPTNMLNLIIJFFBQ56CA,9,8.47,機電設備空間、停車空間、樓梯間、走廊、機械室、水塔,鋼筋混凝土造,94年10月3日,十層,
UPTNMLNLIIJFFBQ09CA,9,16.03,住家用,鋼筋混凝土造,94年10月3日,十層,五層 陽台
UPTNMLNLIIJFFBQ09CA,9,.10,管理委員會使用空間,鋼筋混凝土造,94年10月3日,十層,
UPTNMLNLIIJFFBQ09CA,9,8.47,機電設備空間、停車空間、樓梯間、走廊、機械室、水塔,鋼筋混凝土造,94年10月3日,十層,
RPPOMLKLIIJFFCQ28CA,35,100.99,住商用,鋼筋混凝土加強磚造,69年1月24日,二層,一層 二層 騎樓
RPUNMLMJIIJFFDQ78CA,,171.12,停車空間、住宅,鋼筋混凝土造,103年4月21日,四層,一層 二層 三層 四層 見其他登記事項
RPUNMLNJIIJFFDQ88CA,21,144.29,住家用,鋼筋混凝土造,82年7月26日,三層,一層 二層 三層 陽台 平台 露台
RPWNMLRJIIJFFDQ86CA,36,43.78,住家用,鋼筋混凝土加強磚造,67年7月20日,二層,一層 二層
RPRNMLKLIIJFFCQ38CA,,200.44,住家用,鋼筋混凝土造,103年6月20日,四層,一層 二層 三層 四層 見其他登記事項
RPQNMLKLIIJFFCQ28CA,20,86.12,集合住宅,鋼筋混凝土造,83年8月10日,七層,六層 陽台
RPQNMLKLIIJFFCQ28CA,20,9.57,共有部分,鋼筋混凝土造,83年8月10日,七層,
RPQNMLKLIIJFFCQ28CA,20,11.75,共有部分,鋼筋混凝土造,83年8月10日,七層,
RPOOMLNKIIJFFDQ48CA,35,105.16,住家用,鋼筋混凝土加強磚造,69年1月18日,二層,一層 二層 騎樓 電梯樓梯間
RPPNMLKKIIJFFDQ18CA,21,174.72,集合住宅,鋼筋混凝土造,82年8月6日,四層,一層 二層 三層 四層
RPVNMLNLIIJFFBQ98CA,9,16.03,住家用,鋼筋混凝土造,94年10月3日,十層,二層 陽台
RPVNMLNLIIJFFBQ98CA,9,.10,管理委員會使用空間,鋼筋混凝土造,94年10月3日,十層,
RPVNMLNLIIJFFBQ98CA,9,8.47,機電設備空間、停車空間、樓梯間、走廊、機械室、水塔,鋼筋混凝土造,94年10月3日,十層,
SPVNMLNLIIJFFBQ09CA,9,16.03,住家用,鋼筋混凝土造,94年10月3日,十層,二層 陽台
SPVNMLNLIIJFFBQ09CA,9,.10,管理委員會使用空間,鋼筋混凝土造,94年10月3日,十層,
SPVNMLNLIIJFFBQ09CA,9,8.47,機電設備空間、停車空間、樓梯間、走廊、機械室、水塔,鋼筋混凝土造,94年10月3日,十層,
RPPNMLNKIIJFFDQ58DA,11,206.24,客廳、廚房、臥室、佛堂,鋼筋混凝土造,92年7月3日,四層,一層 二層 三層 四層 見其他登記事項
RPQNMLNKIIJFFDQ68DA,36,122.00,住家用,鋼筋混凝土加強磚造,68年1月15日,二層,一層 二層 騎樓
RPVNMLRLIIJFFDQ96CA,,133.14,住家用,鋼筋混凝土加強磚造,,二層,一層 二層 電梯樓梯間
RPVNMLTJIIJFFCQ86CA,,184.53,住家用,鋼筋混凝土造,103年7月1日,三層,一層 二層 三層 見其他登記事項
RPXNMLSJIIJFFCQ96CA,32,111.71,住家用,鋼筋混凝土加強磚造,71年12月10日,二層,一層 二層 陽台
RPPOMLSJIIJFFCQ88CA,7,218.69,集合住宅,鋼筋混凝土造,96年3月28日,四層,一層 二層 三層 四層 見其他登記事項
RPPNMLRJIIJFFCQ88EA,34,173.99,住商用,鋼筋混凝土加強磚造,69年4月2日,三層,一層 二層 三層 騎樓 電梯樓梯間
RPUNMLKKIIJFFCQ58CA,21,475.20,住家用,鋼造,82年4月2日,二層,一層 二層
RPTNMLLLIIJFFCQ68CA,33,115.67,住家用,鋼筋混凝土加強磚造,70年12月14日,二層,一層 二層 電梯樓梯間
RPPNMLQJIIJFFDQ68CA,8,147.01,住宅、樓梯間,鋼筋混凝土造,95年12月5日,三層,一層 二層 三層 陽台 雨遮 見其他登記事項
RPPNMLRJIIJFFBQ68DA,22,132.86,住商用,鋼筋混凝土造,81年7月18日,三層,一層 二層 三層 騎樓 電梯樓梯間
RPPNMLRJIIJFFDQ88DA,27,59.46,住家用,鋼筋混凝土加強磚造,76年8月31日,一層,一層
RPPNMLRJIIJFFEQ88CA,22,118.77,住家用,鋼筋混凝土加強磚造,81年9月4日,三層,一層 二層 三層
RPQNMLSJIIJFFEQ09CA,18,109.73,住家用,鋼筋混凝土造,86年2月27日,三層,一層 二層 三層 陽台 電梯樓梯間
RPRNMLOKIIJFFDQ78CA,20,147.02,農舍,鋼筋混凝土加強磚造,83年5月31日,一層,一層 電梯樓梯間
RPPNMLSKIIJFFDQ98CA,35,154.22,住家用,鋼筋混凝土加強磚造,68年10月1日,三層,一層 二層 三層 騎樓
RPPNMLMLIIJFFDQ48CA,33,83.90,住家用,鋼筋混凝土加強磚造,70年6月2日,二層,一層 二層
RPSNMLSJIIJFFCQ09CA,35,109.60,商業用,鋼筋混凝土加強磚造,68年5月4日,二層,一層 二層 騎樓
RPRNMLMLIIJFFBQ58DA,30,116.71,住家用,鋼筋混凝土造,73年12月1日,二層,一層 二層 騎樓 電梯樓梯間
RPPNMLNKIIJFFBQ38DA,27,156.34,住家用,鋼筋混凝土加強磚造,76年10月9日,二層,一層 二層 陽台 騎樓 電梯樓梯間
RPQNMLRJIIJFFBQ68CA,38,101.85,住家用,鋼筋混凝土加強磚造,65年6月29日,二層,一層 二層
RPPNMLOKIIJFFBQ38CA,8,19.19,住家用,鋼筋混凝土造,95年8月28日,八層,六層 陽台
RPPNMLOKIIJFFBQ38CA,8,4.61,共有部分,鋼筋混凝土造,95年8月28日,,
RPPNMLOKIIJFFBQ38CA,8,7.43,共有部分,鋼筋混凝土造,95年8月28日,,
SPPNMLOKIIJFFBQ48CA,8,19.19,住家用,鋼筋混凝土造,95年8月28日,八層,六層 陽台
SPPNMLOKIIJFFBQ48CA,8,4.61,共有部分,鋼筋混凝土造,95年8月28日,,
SPPNMLOKIIJFFBQ48CA,8,7.43,共有部分,鋼筋混凝土造,95年8月28日,,
RPOOMLLLIIJFFCQ28CA,17,151.17,住家用,鋼筋混凝土造,86年12月31日,三層,一層 二層 三層 電梯樓梯間 見其他登記事項
RPXNMLRLIIJFFDQ17CA,27,119.72,住家用,鋼筋混凝土加強磚造,76年4月18日,二層,一層 二層 電梯樓梯間
RPTOMLLLIIJFFCQ78CA,34,193.77,住商用,鋼筋混凝土加強磚造,69年5月12日,三層,一層 二層 三層 騎樓 電梯樓梯間
RPRNMLQLIIJFFDQ09CA,19,165.16,住商用,鋼筋混凝土造,84年8月31日,三層,一層 二層 三層 見其他登記事項
RPWNMLSJIIJFFDQ96CA,22,271.86,廠房及車庫、辦公室、員工宿舍,鋼筋混凝土造,82年3月17日,三層,一層 二層 三層 見其他登記事項
RPQNMLRJIIJFFEQ98CA,28,127.77,住商用,鋼筋混凝土加強磚造,76年1月26日,二層,一層 二層 騎樓 電梯樓梯間
RPRNMLTJIIJFFEQ86EA,22,118.41,住家用,鋼筋混凝土造,81年11月30日,三層,一層 二層 三層 電梯樓梯間
RPSNMLOKIIJFFDQ98DA,20,88.51,集合住房,鋼筋混凝土造,83年10月12日,七層,五層 見其他登記事項
RPQOMLLLIIJFFDQ58CA,32,60.72,住家用,磚造,71年5月12日,一層,一層
RPPNMLKKIIJFFCQ08CA,31,87.46,住家用,鋼筋混凝土加強磚造,72年8月19日,二層,一層 二層 電梯樓梯間
RPXNMLOKIIJFFCQ66CA,15,78.59,住家用,鋼筋混凝土造,88年6月29日,四層,二層 陽台
RPXNMLOKIIJFFCQ66CA,15,7.47,共有部分,鋼筋混凝土造,88年6月29日,四層,
RPPNMLPKIIJFFBQ48CA,19,163.48,住商用,鋼骨鋼筋混凝土造,84年4月28日,四層,一層 二層 三層 四層 陽台
RPQNMLKKIIJFFDQ28CA,35,30.03,住家用,鋼筋混凝土加強磚造,69年3月1日,二層,一層 二層
RPRNMLNLIIJFFEQ88CA,,203.72,住家用,鋼筋混凝土造,103年6月4日,四層,一層 二層 三層 四層 陽台
RPRNMLOKIIJFFBQ58CA,6,261.63,集合住宅、停車空間,鋼筋混凝土造,97年4月8日,四層,一層 二層 三層 四層 地下一層 見其他登記事項
RPRNMLOKIIJFFBQ58CA,6,4.88,管理委員會室,鋼筋混凝土造,97年4月8日,三層,
RPRNMLOKIIJFFBQ58CA,6,30.51,停車空間,鋼筋混凝土造,97年4月8日,四層,
RPXNMLKMIIJFFCQ09CA,1,249.42,住家用,鋼筋混凝土造,103年2月6日,四層,一層 二層 三層 四層 見其他登記事項
RPPNMLQKIIJFFCQ68CA,1,176.32,住宅、停車空間,鋼筋混凝土造,102年10月29日,三層,一層 二層 三層 陽台
RPRNMLLLIIJFFDQ58CA,32,114.01,住家用,鋼筋混凝土加強磚造,71年8月5日,二層,一層 二層 電梯樓梯間
RPWNMLNJJIJFFDQ56CA,18,103.00,一般事務所,鋼筋混凝土造,86年1月17日,七層,四層 陽台
RPWNMLNJJIJFFDQ56CA,18,44.45,水箱、防空避難室兼停車場、電梯、樓梯間機械室,鋼筋混凝土造,86年1月17日,七層,
RPRNMLQKIIJFFBQ88DA,11,179.30,住家用,鋼筋混凝土造,92年9月22日,四層,一層 二層 三層 四層 陽台
RPRNMLRKIIJFFCQ09DA,,199.22,住宅、樓梯間,鋼筋混凝土造,103年7月14日,三層,一層 二層 三層 見其他登記事項 見其他登記事項
RPPNMLKLIIJFFEQ38CA,33,138.02,住家用,鋼筋混凝土加強磚造,70年9月5日,二層,一層 二層 電梯樓梯間
RPPNMLLLIIJFFBQ18CA,20,79.02,住家用,鋼筋混凝土造,83年5月12日,七層,六層 陽台
RPPNMLLLIIJFFBQ18CA,20,35.01,樓梯間﹒避難室﹒停車場,鋼筋混凝土造,83年5月12日,七層,
RPPNMLOLIIJFFCQ58CA,12,100.04,見其他登記事項,鋼筋混凝土造,91年7月25日,五層,
RPPNMLOLIIJFFCQ58CA,12,12.64,見其他登記事項,鋼筋混凝土造,91年7月25日,五層,
RPPNMLOLIIJFFCQ58CA,12,33.34,停車空間,鋼筋混凝土造,91年7月25日,五層,
RPRNMLOLIIJFFCQ78CA,12,100.04,見其他登記事項,鋼筋混凝土造,91年7月25日,五層,
RPRNMLOLIIJFFCQ78CA,12,12.64,見其他登記事項,鋼筋混凝土造,91年7月25日,五層,
RPRNMLOLIIJFFCQ78CA,12,33.34,停車空間,鋼筋混凝土造,91年7月25日,五層,
RPQNMLLLIIJFFCQ38CA,19,71.00,見其他登記事項,鋼筋混凝土造,84年5月29日,四層,四層
RPQNMLLLIIJFFCQ38CA,19,10.08,共有部分,鋼筋混凝土造,84年5月29日,四層,
RPXNMLRKIIJFFCQ96CA,23,116.49,住家用,鋼筋混凝土造,80年9月12日,三層,一層 二層 三層 騎樓
RPPNMLLKJIJFFCQ28CA,33,36.59,住家用,鋼筋混凝土加強磚造,70年11月16日,二層,一層 二層 騎樓 電梯樓梯間
RPPNMLLKJIJFFCQ28CA,33,36.59,住家用,鋼筋混凝土加強磚造,70年11月16日,二層,一層 二層 騎樓 電梯樓梯間
RPPNMLLKJIJFFCQ28CA,33,36.59,住家用,鋼筋混凝土加強磚造,70年11月16日,二層,一層 二層 騎樓 電梯樓梯間
RPPNMLKKJIJFFCQ18CA,35,109.14,住商用,鋼筋混凝土加強磚造,68年9月24日,二層,一層 二層 電梯樓梯間 夾層
RPUNMLQLIIJFFCQ66CA,13,125.47,住家用,鋼筋混凝土造,91年1月14日,三層,
RPRNMLQKIIJFFDQ98CA,23,169.78,住家用,鋼筋混凝土造,80年4月25日,三層,一層 二層 三層
RPTNMLRKIIJFFDQ66CA,36,88.52,住家用,鋼筋混凝土加強磚造,67年7月10日,二層,一層 二層
RPQOMLNJJIJFFDQ68CA,24,136.45,住家用,鋼筋混凝土造,79年10月20日,三層,一層 二層 三層
RPQNMLOLIIJFFCQ88EA,24,282.00,住家用,鋼筋混凝土造,80年2月11日,四層,一層 二層 三層 四層 騎樓
RPSNMLTLIIJFFBQ66CA,18,37.46,住家用,鋼筋混凝土造,86年1月10日,十層,四層 陽台
RPTNMLLKJIJFFCQ88EA,42,91.84,住家用,見其他登記事項,62年4月1日,一層,
RPPOMLMKJIJFFBQ38CA,9,15.70,住家用,鋼筋混凝土造,94年10月3日,十層,二層
RPPOMLMKJIJFFBQ38CA,9,.11,管理委員會使用空間,鋼筋混凝土造,94年10月3日,十層,
RPPOMLMKJIJFFBQ38CA,9,9.11,機電設備空間、停車空間、樓梯間、走廊、機械室、水塔,鋼筋混凝土造,94年10月3日,十層,
RPVNMLMKJIJFFBQ88CA,9,16.03,住家用,鋼筋混凝土造,94年10月3日,十層,三層 陽台
RPVNMLMKJIJFFBQ88CA,9,.10,管理委員會使用空間,鋼筋混凝土造,94年10月3日,十層,
RPVNMLMKJIJFFBQ88CA,9,8.47,機電設備空間、停車空間、樓梯間、走廊、機械室、水塔,鋼筋混凝土造,94年10月3日,十層,
RPXNMLMKJIJFFBQ09CA,9,24.89,住家用,鋼筋混凝土造,94年10月3日,十層,十層 陽台
RPXNMLMKJIJFFBQ09CA,9,.14,管理委員會使用空間,鋼筋混凝土造,94年10月3日,十層,
RPXNMLMKJIJFFBQ09CA,9,11.75,機電設備空間、停車空間、樓梯間、走廊、機械室、水塔,鋼筋混凝土造,94年10月3日,十層,
RPQOMLMKJIJFFBQ48CA,9,15.04,住家用,鋼筋混凝土造,94年10月3日,十層,二層
RPQOMLMKJIJFFBQ48CA,9,.09,管理委員會使用空間,鋼筋混凝土造,94年10月3日,十層,
RPQOMLMKJIJFFBQ48CA,9,7.94,機電設備空間、停車空間、樓梯間、走廊、機械室、水塔,鋼筋混凝土造,94年10月3日,十層,
RPUNMLOLIIJFFDQ56CA,35,101.03,住家用,加強磚造,68年11月1日,二層,一層 二層 陽台 見其他登記事項
RPRNMLLLIIJFFCQ48CA,18,144.30,住家用,鋼筋混凝土造,85年6月21日,三層,一層 二層 三層
RPUNMLLLIIJFFCQ78CA,1,180.23,住宅、停車空間,鋼筋混凝土造,102年10月29日,三層,一層 二層 三層 陽台
RPTNMLSLIIJFFBQ66CA,8,15.06,住家用,鋼筋混凝土造,95年8月28日,八層,六層 陽台
RPTNMLSLIIJFFBQ66CA,8,4.20,共有部分,鋼筋混凝土造,95年8月28日,,
RPTNMLSLIIJFFBQ66CA,8,5.78,共有部分,鋼筋混凝土造,95年8月28日,,
RPTNMLSLIIJFFBQ66CA,8,15.06,住家用,鋼筋混凝土造,95年8月28日,八層,六層 陽台
RPTNMLSLIIJFFBQ66CA,8,4.20,共有部分,鋼筋混凝土造,95年8月28日,,
RPTNMLSLIIJFFBQ66CA,8,5.78,共有部分,鋼筋混凝土造,95年8月28日,,
RPSNMLLLIIJFFBQ48CA,33,108.87,住商用,鋼筋混凝土加強磚造,70年12月24日,三層,一層 二層 三層
RPQNMLQLIIJFFDQ98CA,38,88.32,住家用,鋼筋混凝土加強磚造,66年3月15日,二層,一層 二層
RPTNMLLJJIJFFDQ68CA,33,97.10,住家用,鋼筋混凝土加強磚造,70年12月31日,二層,一層 二層 電梯樓梯間
RPTNMLMLIIJFFCQ88DA,12,100.04,見其他登記事項,鋼筋混凝土造,91年7月25日,五層,
RPTNMLMLIIJFFCQ88DA,12,12.64,見其他登記事項,鋼筋混凝土造,91年7月25日,五層,
RPTNMLMLIIJFFCQ88DA,12,33.34,停車空間,鋼筋混凝土造,91年7月25日,五層,
RPOOMLNJJIJFFDQ48CA,21,174.72,集合住宅,鋼筋混凝土造,82年8月6日,四層,一層 二層 三層 四層
RPQNMLPLIIJFFDQ88CA,34,75.75,住家用,鋼筋混凝土加強磚造,69年11月14日,二層,一層 二層
RPQNMLMLIIJFFCQ68EA,13,978.16,住家用,鋼筋混凝土造,90年5月22日,四層,一層 二層 三層 四層
RPPNMLTLIIJFFCQ09CA,12,99.84,見其他登記事項,鋼筋混凝土造,91年7月25日,五層,
RPPNMLTLIIJFFCQ09CA,12,11.69,見其他登記事項,鋼筋混凝土造,91年7月25日,五層,
RPPNMLTLIIJFFCQ09CA,12,.68,見其他登記事項,鋼筋混凝土造,91年7月25日,五層,
RPUOMLRLIIJFFBQ76CA,8,19.19,住家用,鋼筋混凝土造,95年8月28日,八層,七層 陽台
RPUOMLRLIIJFFBQ76CA,8,4.60,共有部分,鋼筋混凝土造,95年8月28日,,
RPUOMLRLIIJFFBQ76CA,8,7.43,共有部分,鋼筋混凝土造,95年8月28日,,
RPSNMLOLIIJFFCQ98DA,12,11.73,見其他登記事項,鋼筋混凝土造,91年7月25日,五層,
RPSNMLOLIIJFFCQ98DA,12,.68,見其他登記事項,鋼筋混凝土造,91年7月25日,五層,
RPSNMLOLIIJFFCQ98DA,12,67.69,見其他登記事項,鋼筋混凝土造,91年7月25日,五層,
RPQNMLNLIIJFFDQ78DA,,154.02,門廊、住宅,鋼筋混凝土造,103年4月7日,三層,一層 二層 三層 陽台
RPTNMLNLIIJFFCQ88CA,34,96.60,住家用,鋼筋混凝土加強磚造,70年2月12日,二層,一層 二層 電梯樓梯間
RPRNMLSLIIJFFBQ09CA,24,229.09,住家用,鋼筋混凝土加強磚造,79年8月8日,三層,一層 二層 三層 陽台 騎樓
RPQNMLRLIIJFFBQ88CA,5,213.00,住商用,鋼筋混凝土造,98年11月11日,四層,一層 二層 三層 四層 見其他登記事項
RPQNMLRLIIJFFBQ88CA,5,.82,管理員室,鋼筋混凝土造,98年11月11日,二層,一層 二層 見其他登記事項
RPPNMLQLIIJFFDQ88CA,36,85.03,住家用,鋼筋混凝土加強磚造,68年2月15日,二層,一層 二層
RPPOMLOLIIJFFDQ78CA,35,146.37,住商用,鋼筋混凝土加強磚造,69年2月1日,三層,一層 二層 三層 騎樓
RPTNMLOJJIJFFDQ98CA,1,175.11,停車空間、住宅、樓梯間,鋼筋混凝土造,102年9月9日,三層,一層 二層 三層 陽台 雨遮 見其他登記事項
RPTNMLTLIIJFFCQ96DA,18,77.48,集合住宅,鋼筋混凝土造,85年5月17日,八層,八層 陽台 花台
RPTNMLTLIIJFFCQ96DA,18,18.91,共有部分,鋼筋混凝土造,85年5月17日,八層,
RPTNMLTLIIJFFCQ96DA,18,3.00,共有部分,鋼筋混凝土造,85年5月17日,八層,
RPTNMLTLIIJFFCQ96DA,18,.08,警衛室,鋼筋混凝土造,85年5月17日,八層,
RPQOMLOLIIJFFDQ88CA,34,95.66,住家用,加強磚造,69年9月1日,二層,一層 二層
RPPOMLNJJIJFFDQ58CA,9,15.37,見其他登記事項,鋼筋混凝土造,94年8月15日,五層,五層
SPPOMLNJJIJFFDQ68CA,9,16.15,見其他登記事項,鋼筋混凝土造,94年8月15日,五層,五層
RPRNMLLJJIJFFDQ48CA,37,50.00,住家用,磚造,66年12月29日,一層,一層
RPTNMLLMIIJFFDQ98DA,,183.61,住家用,鋼筋混凝土造,103年8月19日,三層,一層 二層 三層 陽台 見其他登記事項
RPWNMLLMIIJFFDQ66DA,,205.26,住家用,鋼筋混凝土造,103年8月19日,三層,一層 二層 三層 陽台 見其他登記事項
RPUNMLNKJIJFFDQ09CA,33,113.85,住家用,鋼筋混凝土加強磚造,70年7月15日,二層,一層 二層 騎樓
RPUNMLNJJIJFFBQ78CA,13,185.04,店鋪、停車空間、住宅,鋼筋混凝土造,91年2月1日,三層,一層 二層 三層 見其他登記事項
RPUNMLKLJIJFFBQ68CA,,52.10,集合住宅,鋼筋混凝土造,103年8月15日,八層,二層 陽台
RPRNMLKLJIJFFBQ38CA,,50.55,集合住宅,鋼筋混凝土造,103年8月15日,八層,二層 陽台
RPVNMLKLJIJFFBQ78CA,,50.55,集合住宅,鋼筋混凝土造,103年8月15日,八層,二層 陽台
SPRNMLKLJIJFFBQ48CA,,54.46,集合住宅,鋼筋混凝土造,103年8月15日,八層,二層 陽台
RPOPMLLLJIJFFBQ38CA,,54.46,集合住宅,鋼筋混凝土造,103年8月15日,八層,三層 陽台
RPQPMLLLJIJFFBQ58CA,,54.46,集合住宅,鋼筋混凝土造,103年8月15日,八層,三層 陽台
RPWNMLMKJIJFFDQ56CA,2,143.88,住家用,鋼筋混凝土造,102年1月22日,四層,一層 二層 三層 四層 陽台
RPVNMLRKJIJFFDQ96CA,33,106.74,住家用,鋼筋混凝土加強磚造,71年1月20日,二層,一層 二層 電梯樓梯間
RPRNMLRLIIJFFCQ56DA,16,280.16,住商用,鋼筋混凝土造,87年12月11日,四層,一層 二層 三層 四層 騎樓 電梯樓梯間 見其他登記事項
RPQNMLKKJIJFFDQ38CA,33,112.45,住家用,鋼筋混凝土加強磚造,70年6月3日,二層,一層 二層 騎樓 電梯樓梯間
RPSNMLOJJIJFFCQ78CA,12,99.84,見其他登記事項,鋼筋混凝土造,91年7月25日,五層,
RPSNMLOJJIJFFCQ78CA,12,11.69,見其他登記事項,鋼筋混凝土造,91年7月25日,五層,
RPSNMLOJJIJFFCQ78CA,12,.68,見其他登記事項,鋼筋混凝土造,91年7月25日,五層,
RPOOMLKLJIJFFBQ18CA,,50.55,集合住宅,鋼筋混凝土造,103年8月15日,八層,三層 陽台
RPXNMLKLJIJFFBQ98CA,,52.10,集合住宅,鋼筋混凝土造,103年8月15日,八層,二層 陽台
RPUOMLKLJIJFFBQ78CA,,54.46,集合住宅,鋼筋混凝土造,103年8月15日,八層,三層 陽台
RPWNMLKLJIJFFBQ88CA,,54.46,集合住宅,鋼筋混凝土造,103年8月15日,八層,二層 陽台
RPQOMLKLJIJFFBQ38CA,,50.55,集合住宅,鋼筋混凝土造,103年8月15日,八層,三層 陽台
SPXNMLKLJIJFFBQ09CA,,52.10,集合住宅,鋼筋混凝土造,103年8月15日,八層,三層 陽台
RPQNMLTLIIJFFBQ09CA,21,113.41,住商用,鋼筋混凝土造,82年6月3日,三層,一層 二層 三層
RPPPMLLLJIJFFBQ48CA,,50.55,集合住宅,鋼筋混凝土造,103年8月15日,八層,四層 陽台
RPPNMLNJJIJFFCQ38CA,19,157.02,住商用,鋼筋混凝土造,84年8月30日,三層,一層 二層 三層 騎樓 電梯樓梯間 見其他登記事項
RPUNMLPLJIJFFDQ76CA,33,113.08,住家用,鋼筋混凝土加強磚造,70年5月10日,二層,一層 二層 電梯樓梯間
RPPNMLPJJIJFFCQ78EA,23,199.11,住家用,鋼筋混凝土造,80年6月7日,四層,一層 二層 三層 四層 地下層 見其他登記事項
RPQOMLLMIIJFFDQ78DA,,183.58,住家用,鋼筋混凝土造,103年8月19日,三層,一層 二層 三層 陽台 見其他登記事項
RPSOMLLMIIJFFDQ98DA,,319.00,住家用,鋼筋混凝土造,103年8月19日,四層,一層 二層 三層 四層 陽台
RPOOMLLMIIJFFDQ58DA,,197.17,住家用,鋼筋混凝土造,103年8月19日,三層,一層 二層 三層 陽台 見其他登記事項
RPSNMLTLIIJFFDQ96DA,,153.93,門廊、住宅,鋼筋混凝土造,103年4月7日,三層,一層 二層 三層 陽台
RPTNMLMKJIJFFCQ78CA,,195.58,住宅類場所、水箱,鋼筋混凝土造,103年8月6日,四層,一層 二層 三層 四層 見其他登記事項 見其他登記事項
RPSNMLMKJIJFFCQ68CA,,195.64,住宅類場所、水箱,鋼筋混凝土造,103年8月6日,四層,一層 二層 三層 四層 見其他登記事項 見其他登記事項
RPRNMLMKJIJFFCQ58CA,,196.90,住宅類場所、水箱,鋼筋混凝土造,103年8月6日,四層,一層 二層 三層 四層 見其他登記事項 見其他登記事項
RPTNMLKMIIJFFCQ68CA,,319.82,住家用,鋼筋混凝土造,103年7月25日,四層,一層 二層 三層 四層 見其他登記事項
RPTNMLTLIIJFFBQ76CA,9,162.23,住宅、樓梯間,鋼筋混凝土造,94年4月8日,三層,一層 二層 三層 陽台 見其他登記事項
RPVNMLMKJIJFFCQ56EA,1,193.71,住家用,鋼筋混凝土造,102年5月9日,四層,一層 二層 三層 四層 見其他登記事項
RPWOMLLLJIJFFBQ09CA,,54.46,集合住宅,鋼筋混凝土造,103年8月15日,八層,二層 陽台
RPUPMLKLJIJFFBQ88CA,,54.46,集合住宅,鋼筋混凝土造,103年8月15日,八層,五層 陽台
RPTPMLKLJIJFFBQ78CA,,50.55,集合住宅,鋼筋混凝土造,103年8月15日,八層,五層 陽台
RPRPMLKLJIJFFBQ58CA,,54.46,集合住宅,鋼筋混凝土造,103年8月15日,八層,五層 陽台
RPOPMLKLJIJFFBQ28CA,,54.46,集合住宅,鋼筋混凝土造,103年8月15日,八層,四層 陽台
RPVPMLKLJIJFFBQ98CA,,52.10,集合住宅,鋼筋混凝土造,103年8月15日,八層,五層 陽台
RPXOMLKLJIJFFBQ09CA,,54.46,集合住宅,鋼筋混凝土造,103年8月15日,八層,四層 陽台
RPSPMLKLJIJFFBQ68CA,,54.46,集合住宅,鋼筋混凝土造,103年8月15日,八層,五層 陽台
RPPPMLKLJIJFFBQ38CA,,52.10,集合住宅,鋼筋混凝土造,103年8月15日,八層,四層 陽台
RPPNMLLLJIJFFBQ28CA,,54.46,集合住宅,鋼筋混凝土造,103年8月15日,八層,六層 陽台
RPQNMLLLJIJFFBQ38CA,,52.10,集合住宅,鋼筋混凝土造,103年8月15日,八層,六層 陽台
RPQPMLKLJIJFFBQ48CA,,50.55,集合住宅,鋼筋混凝土造,103年8月15日,八層,五層 陽台
RPWPMLKLJIJFFBQ09CA,,54.46,集合住宅,鋼筋混凝土造,103年8月15日,八層,六層 陽台
RPXNMLMKJIJFFCQ56CA,13,125.47,住家用,鋼筋混凝土造,91年1月14日,三層,
RPPOMLSKJIJFFCQ09CA,15,113.42,住家用,鋼筋混凝土造,88年3月3日,九層,六層 陽台
RPPOMLSKJIJFFCQ09CA,15,34.71,共有部分,鋼筋混凝土造,88年3月3日,九層,
RPRNMLLLJIJFFBQ48CA,,50.55,集合住宅,鋼筋混凝土造,103年8月15日,八層,六層 陽台
RPOOMLLLJIJFFBQ28CA,,52.10,集合住宅,鋼筋混凝土造,103年8月15日,八層,五層 陽台
RPWNMLLLJIJFFBQ98CA,,191.24,集合住宅,鋼筋混凝土造,103年8月15日,八層,八層 陽台
RPUNMLLLJIJFFBQ78CA,,52.10,集合住宅,鋼筋混凝土造,103年8月15日,八層,六層 陽台
RPSNMLLLJIJFFBQ58CA,,54.46,集合住宅,鋼筋混凝土造,103年8月15日,八層,六層 陽台
RPTNMLLLJIJFFBQ68CA,,54.46,集合住宅,鋼筋混凝土造,103年8月15日,八層,六層 陽台
RPQNMLOJJIJFFDQ68CA,21,102.37,集合住宅,鋼筋混凝土造,82年10月6日,九層,八層 陽台
RPQNMLOJJIJFFDQ68CA,21,13.74,梯間,鋼筋混凝土造,82年10月6日,九層,
RPQNMLOJJIJFFDQ68CA,21,13.80,避難室、停車場,鋼筋混凝土造,82年10月6日,9,
RPQNMLOJJIJFFDQ68CA,21,2.01,儲藏室,鋼筋混凝土造,82年10月6日,九層,
RPQNMLOJJIJFFDQ68CA,21,10.63,避難室、停車場,鋼筋混凝土造,82年10月6日,9,
RPQNMLNJJIJFFBQ38CA,27,156.48,住家用,鋼筋混凝土加強磚造,76年10月15日,二層,一層 二層 電梯樓梯間
RPRNMLRJJIJFFBQ88CA,5,221.49,集合住宅,鋼筋混凝土造,98年9月15日,四層,一層 二層 三層 四層 見其他登記事項
RPVNMLLLJIJFFBQ88CA,,210.96,集合住宅,鋼筋混凝土造,103年8月15日,八層,七層 陽台
RPTNMLKMIIJFFDQ88DA,33,92.72,住家用,鋼筋混凝土加強磚造,70年5月27日,二層,一層 二層 電梯樓梯間
RPTNMLNJJIJFFDQ98DA,,179.76,門廊、住宅,鋼筋混凝土造,103年4月7日,三層,一層 二層 三層 陽台
RPQNMLNJJIJFFCQ68EA,12,100.16,見其他登記事項,鋼筋混凝土造,91年7月25日,五層,
RPQNMLNJJIJFFCQ68EA,12,12.64,見其他登記事項,鋼筋混凝土造,91年7月25日,五層,
RPQNMLNJJIJFFCQ68EA,12,33.34,停車空間,鋼筋混凝土造,91年7月25日,五層,
RPPNMLMJJIJFFBQ18CA,32,149.99,住商用,鋼筋混凝土加強磚造,71年5月7日,三層,一層 二層 三層 電梯樓梯間
RPWNMLKMIIJFFDQ09CA,37,47.58,住家用,磚造,67年3月1日,一層,一層
RPXNMLTLIIJFFDQ47DA,1,171.05,門廊、住宅,鋼筋混凝土造,103年4月7日,三層,一層 二層 三層 陽台
RPQNMLKLJIJFFDQ48CA,,197.77,住宅、樓梯間,鋼筋混凝土造,103年5月7日,三層,一層 二層 三層 陽台 見其他登記事項
RPRNMLMKJIJFFDQ68CA,35,93.48,住家用,鋼筋混凝土加強磚造,68年6月20日,二層,一層 二層 騎樓
RPXNMLLKJIJFFDQ56CA,1,175.11,停車空間、住宅、樓梯間,鋼筋混凝土造,102年9月9日,三層,一層 二層 三層 陽台 雨遮 見其他登記事項
RPRNMLOJJIJFFDQ78CA,17,161.83,農舍,鋼筋混凝土加強磚造,86年6月5日,二層,
RPRNMLPJJIJFFDQ88CA,9,16.15,見其他登記事項,鋼筋混凝土造,94年8月15日,五層,二層
RPRNMLPJJIJFFDQ88CA,9,7.19,見其他登記事項,鋼筋混凝土造,94年8月15日,五層,
RPVNMLLKJIJFFDQ98CA,9,5.08,門廳、遊憩設施、機械空間、梯間、游泳池,鋼筋混凝土造,94年8月26日,二層,
RPVNMLLKJIJFFDQ98CA,9,1.59,門廳、遊憩設施,鋼筋混凝土造,94年8月26日,三層,
RPVNMLLKJIJFFDQ98CA,9,180.02,集合住宅、停車空間,鋼筋混凝土造,95年2月16日,四層,一層 二層 三層 四層 見其他登記事項
RPPNMLSJJIJFFDQ98CA,9,151.35,住家用,鋼筋混凝土造,94年10月24日,三層,一層 二層 三層 見其他登記事項
RPPNMLSJJIJFFCQ88CA,35,92.66,住商用,鋼筋混凝土加強磚造,68年12月31日,二層,一層 二層 電梯樓梯間
RPTNMLRKJIJFFBQ56CA,21,104.82,住家用,鋼筋混凝土加強磚造,82年8月20日,二層,一層 二層 電梯樓梯間
RPSNMLLKJIJFFCQ58CA,20,150.95,住家用,鋼筋混凝土造,84年2月17日,三層,一層 二層 三層 平台 電梯樓梯間 見其他登記事項
RPVNMLNJJIJFFDQ56DA,1,242.08,住家用,鋼筋混凝土造,102年8月6日,四層,一層 二層 三層 四層 陽台
RPRNMLOJJIJFFCQ88EA,33,39.97,住家用,鋼筋混凝土加強磚造,70年12月16日,一層,一層
RPTNMLSLJIJFFDQ96CA,34,103.98,住家用,鋼筋混凝土加強磚造,69年5月29日,二層,一層 二層 騎樓 電梯樓梯間
RPROMLOLJIJFFCQ98CA,35,98.09,住商用,鋼筋混凝土加強磚造,69年1月24日,二層,一層 二層 騎樓
RPUNMLQLJIJFFDQ96DA,40,42.84,住家用,木造,63年7月10日,一層,一層
