編號,屋齡,建物移轉面積平方公尺,主要用途,主要建材,建築完成日期,總層數,建物分層,移轉情形
The serial number,room age,building shifting area square meter,the main use,main building materials,construction completes the date,total layer,building lamination,
RPSNMLTKPHOFFCU18CA,35,156.94,住商用,鋼筋混凝土造,73年6月11日,三層,一層 二層 三層 騎樓,全筆移轉
RPWNMLQLPHOFFAU18CA,1,77.92,集合住宅,鋼筋混凝土造,107年4月16日,五層,二層 陽台,全筆移轉
RPWNMLQLPHOFFAU18CA,1,47.38,本共有部分之項目有安全梯、電梯、一般樓梯、梯廳、停車空間、管委會空間及屋頂突出物一、二層等７項。,鋼筋混凝土造,107年4月16日,五層,,持分移轉
RPSNMLNLPHOFFAU67EA,3,420.68,住家用,鋼筋混凝土造,105年6月30日,四層,一層 二層 三層 四層 陽台 屋頂突出物 騎樓,全筆移轉
RPXNMLRKPHOFFAU28CA,25,19.33,住家用,鋼筋混凝土造,83年11月15日,十二層,七層,全筆移轉
RPXNMLRKPHOFFAU28CA,25,6.12,共有部份,鋼筋混凝土造,83年11月15日,十二層,,持分移轉
RPXNMLRKPHOFFAU28CA,25,3.18,共有部份,鋼筋混凝土造,83年11月15日,十二層,,持分移轉
RPXPMLMLPHOFFAU08CA,24,30.86,住家用,鋼筋混凝土造,84年8月19日,十一層,十一層 陽台 花台,全筆移轉
RPXPMLMLPHOFFAU08CA,24,9.20,共有部份,鋼筋混凝土造,84年8月19日,十一層,,持分移轉
RPQNMLMLPHOFFAU17CA,1,81.21,集合住宅,鋼筋混凝土造,107年4月16日,五層,五層 陽台,全筆移轉
RPQNMLMLPHOFFAU17CA,1,47.38,本共有部分之項目有安全梯、電梯、一般樓梯、梯廳、停車空間、管委會空間及屋頂突出物一、二層等７項。,鋼筋混凝土造,107年4月16日,五層,,持分移轉
RPPPMLNLPHOFFAU37CA,,72.17,集合住宅,鋼筋混凝土造,108年5月2日,五層,二層 陽台,全筆移轉
RPPPMLNLPHOFFAU37CA,,23.61,本共有部分之項目有門廊、梯廳及樓梯間等３項,鋼筋混凝土造,108年5月2日,五層,,持分移轉
RPQPMLNLPHOFFAU47CA,,23.61,本共有部分之項目有門廊、梯廳及樓梯間等３項,鋼筋混凝土造,108年5月2日,五層,,持分移轉
RPQPMLNLPHOFFAU47CA,,72.17,集合住宅,鋼筋混凝土造,108年5月2日,五層,四層 陽台,全筆移轉
RPQPMLNLPHOFFAU47CA,,20.35,停車空間,鋼筋混凝土造,108年5月2日,五層,,持分移轉
RPOOMLPLPHOFFCU57CA,,199.05,住家用,鋼筋混凝土造,108年5月2日,三層,一層 二層 三層 陽台 見其他登記事項,全筆移轉
RPRPMLQLPHOFFAU87CA,42,50.09,住商用,木造,66年6月1日,一層,一層 騎樓,全筆移轉
RPROMLPLPHOFFAU67CA,24,180.12,住家用,鋼筋混凝土造,84年3月10日,三層,一層 二層 三層 陽台 平台,全筆移轉
RPUNMLRJQHOFFAU97CA,15,184.11,住家用,鋼筋混凝土造,93年10月4日,三層,一層 二層 三層 陽台,全筆移轉
RPTPMLOLPHOFFAU87CA,3,197.99,住家用,鋼筋混凝土造,105年2月4日,四層,一層 二層 三層 四層 陽台,全筆移轉
RPSPMLOLPHOFFAU77CA,27,150.30,住家用,鋼筋混凝土造,81年7月16日,三層,一層 二層 三層 陽台,全筆移轉
RPSQMLOLPHOFFAU87CA,25,22.41,住家用,鋼筋混凝土造,83年8月4日,五層,五層 陽台,全筆移轉
RPRQMLOLPHOFFAU77CA,21,95.30,住家用,鋼筋混凝土造,87年12月14日,七層,一層 平台 騎樓,全筆移轉
RPSQMLOLPHOFFAU87CA,25,6.24,共有部份,鋼筋混凝土造,83年8月4日,五層,,持分移轉
RPRQMLOLPHOFFAU77CA,21,36.13,共有部份,鋼筋混凝土造,87年12月14日,七層,,持分移轉
RPQQMLOLPHOFFAU67CA,1,45.71,共有部份,鋼筋混凝土造,107年2月6日,九層,,持分移轉
RPQQMLOLPHOFFAU67CA,1,107.24,集合住宅,鋼筋混凝土造,107年2月6日,九層,七層 陽台,全筆移轉
RPQQMLOLPHOFFAU67CA,1,25.29,共有部份,鋼筋混凝土造,107年2月6日,九層,,持分移轉
RPRPMLNLPHOFFAU57CA,,23.61,本共有部分之項目有門廊、梯廳及樓梯間等３項,鋼筋混凝土造,108年5月2日,五層,,持分移轉
RPRPMLNLPHOFFAU57CA,,72.17,集合住宅,鋼筋混凝土造,108年5月2日,五層,三層 陽台,全筆移轉
RPRPMLNLPHOFFAU57CA,,20.35,停車空間,鋼筋混凝土造,108年5月2日,五層,,持分移轉
RPSPMLNLPHOFFAU67CA,,67.86,集合住宅,鋼筋混凝土造,108年5月2日,五層,四層 陽台,全筆移轉
RPSPMLNLPHOFFAU67CA,,21.80,本共有部分之項目有門廊、梯廳及樓梯間等３項,鋼筋混凝土造,108年5月2日,五層,,持分移轉
RPSPMLNLPHOFFAU67CA,,20.35,停車空間,鋼筋混凝土造,108年5月2日,五層,,持分移轉
RPRPMLOLPHOFFAU67CA,20,23.29,住家用,鋼筋混凝土造,88年12月29日,五層,五層 陽台,全筆移轉
RPRPMLOLPHOFFAU67CA,20,6.67,共有部份,鋼筋混凝土造,88年12月29日,五層,,持分移轉
RPUNMLPLPHOFFAU87CA,38,107.58,住家用,鋼筋混凝土加強磚造,70年7月7日,二層,一層 二層,全筆移轉
RPUNMLRLQHOFFAU18CA,24,48.06,住家用,鋼筋混凝土造,84年8月31日,六層,六層 陽台 花台,全筆移轉
RPUNMLRLQHOFFAU18CA,24,25.92,共有部份,鋼筋混凝土造,84年8月31日,六層,,持分移轉
RPUOMLPLPHOFFAU97CA,4,352.90,住商用,鋼筋混凝土造,104年3月11日,四層,一層 二層 三層 四層 陽台 騎樓,全筆移轉
RPQNMLLMPHOFFCU37CA,35,106.67,住家用,鋼筋混凝土加強磚造,73年7月1日,二層,一層 二層 陽台 騎樓,全筆移轉
RPTNMLKMPHOFFCU57CA,1,199.69,住家用,鋼筋混凝土造,107年1月18日,三層,一層 二層 三層 陽台 屋頂突出物,全筆移轉
RPSNMLQJQHOFFCU87CA,32,56.00,住家用,鋼筋混凝土加強磚造,76年6月30日,二層,一層 二層 陽台,持分移轉
RPSNMLQJQHOFFCU87CA,32,56.00,住家用,鋼筋混凝土加強磚造,76年6月30日,二層,一層 二層 陽台,持分移轉
RPWPMLPLPHOFFAU28CA,3,300.30,住家用,鋼筋混凝土造,105年1月20日,四層,一層 二層 三層 四層 陽台,全筆移轉
RPSNMLQLPHOFFAU77CA,24,24.88,住家用,鋼筋混凝土造,84年8月19日,十一層,六層 陽台,全筆移轉
RPSNMLQLPHOFFAU77CA,24,8.31,共有部份,鋼筋混凝土造,84年8月19日,十一層,,持分移轉
RPPNMLQLPHOFFAU47CA,26,163.13,住宅、貯藏室,鋼筋混凝土造,82年11月16日,三層,一層 二層 三層 陽台 平台 露台 夾層 地下層,全筆移轉
RPPNMLQLPHOFFAU47CA,26,14.44,共有部份,鋼筋混凝土造,82年11月16日,七層,,持分移轉
RPPNMLTLPHOFFAU77CA,,67.86,集合住宅,鋼筋混凝土造,108年5月2日,五層,三層 陽台,全筆移轉
RPPNMLTLPHOFFAU77CA,,21.80,本共有部分之項目有門廊、梯廳及樓梯間等３項,鋼筋混凝土造,108年5月2日,五層,,持分移轉
RPPNMLTLPHOFFAU77CA,,20.35,停車空間,鋼筋混凝土造,108年5月2日,五層,,持分移轉
RPQPMLKMPHOFFAU27CA,27,108.16,住家用,鋼筋混凝土造,81年4月30日,五層,一層 平台,全筆移轉
RPQPMLKMPHOFFAU27CA,27,16.80,共有部份,鋼筋混凝土造,81年4月30日,五層,,持分移轉
RPTNMLLMPHOFFAU47CA,4,226.16,住家用,鋼筋混凝土造,104年12月18日,四層,一層 二層 三層 四層 陽台,全筆移轉
RPXPMLLLQHOFFAU08CA,27,201.45,住商用,鋼筋混凝土造,81年12月7日,四層,一層 二層 三層 四層 陽台 騎樓,全筆移轉
RPSOMLRLQHOFFAU08CA,18,68.76,住家用,鋼筋混凝土造,90年1月19日,六層,六層 陽台,全筆移轉
RPSOMLRLQHOFFAU08CA,18,32.19,共有部份,鋼筋混凝土造,90年1月19日,六層,,持分移轉
RPXNMLLJQHOFFAU67CA,22,107.96,住家用,鋼筋混凝土造,86年7月18日,十二層,十一層 陽台,全筆移轉
RPXNMLLJQHOFFAU67CA,22,28.95,共有部份,鋼筋混凝土造,86年7月18日,十二層,,持分移轉
RPXNMLTLPHOFFAU58CA,38,98.78,住家用,鋼筋混凝土加強磚造,70年6月16日,二層,一層 二層,全筆移轉
RPQOMLQLPHOFFAU67CA,37,106.43,住商用,鋼筋混凝土造,71年12月16日,五層,一層 二層 騎樓,全筆移轉
RPQOMLQLPHOFFAU67CA,37,435.62,共有部份,鋼筋混凝土造,71年12月16日,五層,,全筆移轉
SPPNMLLKRHOFFCU57EA,,56.42,住家用,鋼筋混凝土造,108年5月8日,四層,四層 陽台,全筆移轉
SPPNMLLKRHOFFCU57EA,,36.00,共有部份,鋼筋混凝土造,108年5月8日,四層,,持分移轉
RPPNMLLKRHOFFCU47EA,,103.26,住家用,鋼筋混凝土造,108年5月8日,四層,三層 陽台,全筆移轉
RPPNMLLKRHOFFCU47EA,,36.00,共有部份,鋼筋混凝土造,108年5月8日,四層,,持分移轉
TPPNMLLKRHOFFCU67EA,,53.26,住家用,鋼筋混凝土造,108年5月8日,四層,四層 陽台,全筆移轉
TPPNMLLKRHOFFCU67EA,,36.00,共有部份,鋼筋混凝土造,108年5月8日,四層,,持分移轉
RPQOMLTJQHOFFAU87CA,37,84.66,住商用,鋼筋混凝土加強磚造,71年8月18日,二層,一層 二層,全筆移轉
RPROMLKMPHOFFAU27CA,1,105.16,集合住宅,鋼筋混凝土造,107年2月6日,九層,五層 陽台,全筆移轉
RPROMLKMPHOFFAU27CA,1,44.78,共有部份,鋼筋混凝土造,107年2月6日,九層,,持分移轉
RPROMLKMPHOFFAU27CA,1,25.29,共有部份,鋼筋混凝土造,107年2月6日,九層,,持分移轉
RPROMLLMPHOFFAU37CA,27,25.58,住家用,鋼筋混凝土造,81年3月3日,五層,五層 陽台,全筆移轉
RPROMLLMPHOFFAU37CA,27,4.24,共有部份,鋼筋混凝土造,81年3月3日,五層,,持分移轉
RPTOMLLMPHOFFAU57CA,2,233.97,住家用,鋼筋混凝土造,106年10月30日,四層,一層 二層 三層 四層 陽台,全筆移轉
RPWNMLLMPHOFFAU87DA,34,134.28,住商用,鋼筋混凝土加強磚造,74年1月26日,二層,一層 二層 屋頂突出物 騎樓,全筆移轉
RPSNMLMKQHOFFCU57CA,,215.75,住家用,鋼筋混凝土造,108年6月25日,三層,一層 二層 三層 陽台 見其他登記事項,全筆移轉
RPRNMLMKQHOFFCU47CA,,201.56,住家用,鋼筋混凝土造,108年6月25日,三層,一層 二層 三層 陽台 見其他登記事項,全筆移轉
RPTNMLMKQHOFFCU67CA,,256.75,住家用,鋼筋混凝土造,108年6月25日,四層,一層 二層 三層 四層 陽台,全筆移轉
RPTNMLPJQHOFFCU87CA,1,216.15,住家用,鋼筋混凝土造,107年9月27日,三層,一層 二層 三層 陽台,全筆移轉
RPPNMLSKQHOFFAU67CA,7,222.98,住家用,鋼筋混凝土造,101年5月18日,三層,一層 二層 三層 陽台 屋頂突出物,全筆移轉
RPQNMLPJQHOFFAU37CA,,67.86,集合住宅,鋼筋混凝土造,108年5月2日,五層,五層 陽台,全筆移轉
RPQNMLPJQHOFFAU37CA,,21.80,本共有部分之項目有門廊、梯廳及樓梯間等３項,鋼筋混凝土造,108年5月2日,五層,,持分移轉
RPQNMLPJQHOFFAU37CA,,20.35,停車空間,鋼筋混凝土造,108年5月2日,五層,,持分移轉
RPRNMLQKQHOFFAU67CA,5,314.30,住家用,鋼筋混凝土造,103年7月24日,四層,一層 二層 三層 四層 陽台,全筆移轉
RPRNMLQKQHOFFAU67CA,5,2.55,住家用,鋼筋混凝土造,103年7月24日,二層,一層 二層,持分移轉
RPSNMLMJQHOFFAU27CA,48,68.04,住家用,鋼筋混凝土加強磚造,60年4月17日,二層,一層 二層,全筆移轉
RPQPMLLJQHOFFAU17CA,25,210.13,住家用,鋼筋混凝土造,83年2月7日,三層,一層 二層 三層 陽台 平台 屋頂突出物 花台,全筆移轉
RPPNMLMJQHOFFAU96CA,25,14.38,商業用,鋼筋混凝土造,83年4月14日,六層,防空避難室,全筆移轉
RPPNMLMJQHOFFAU96CA,25,2.78,共有部份,鋼筋混凝土造,83年4月14日,六層,,持分移轉
RPRNMLMJQHOFFAU17CA,27,54.58,住家用,鋼筋混凝土造,82年1月11日,九層,五層 陽台,全筆移轉
RPRNMLMJQHOFFAU17CA,27,125.45,住家用,鋼筋混凝土造,82年1月11日,九層,五層,全筆移轉
RPRNMLMJQHOFFAU17CA,27,32.80,共有部份,鋼筋混凝土造,82年1月11日,九層,,持分移轉
RPRNMLMJQHOFFAU17CA,27,7.95,共有部份,鋼筋混凝土造,82年1月11日,九層,,持分移轉
RPRNMLMJQHOFFAU17CA,27,78.00,住家用,鋼筋混凝土造,82年1月11日,九層,五層 屋頂突出物,全筆移轉
RPRNMLMJQHOFFAU17CA,27,3.98,共有部份,鋼筋混凝土造,82年1月11日,九層,,持分移轉
RPROMLQJQHOFFAU67CA,19,204.37,住家用,鋼筋混凝土造,89年1月11日,三層,一層 二層 三層 陽台 平台 屋頂突出物,全筆移轉
RPWNMLPJQHOFFAU97CA,1,53.39,集合住宅,鋼筋混凝土造,107年4月27日,十二層,八層 陽台,全筆移轉
RPWNMLPJQHOFFAU97CA,1,15.77,共有部份,鋼筋混凝土造,107年4月27日,十二層,,持分移轉
RPWNMLPJQHOFFAU97CA,1,12.17,本共有部份之項目有防空避難室兼停車空間、機電設備、騎樓、Ｆ梯安全梯、一樓梯廳、一樓門廳、管委會使用空間、車道、Ｃ棟垃圾處理區等９項。,鋼筋混凝土造,107年4月27日,十二層,,持分移轉
RPROMLPJQHOFFAU57CA,1,53.39,集合住宅,鋼筋混凝土造,107年4月27日,十二層,七層 陽台,全筆移轉
RPROMLPJQHOFFAU57CA,1,12.17,本共有部份之項目有防空避難室兼停車空間、機電設備、騎樓、Ｆ梯安全梯、一樓梯廳、一樓門廳、管委會使用空間、車道、Ｃ棟垃圾處理區等９項。,鋼筋混凝土造,107年4月27日,十二層,,持分移轉
RPROMLPJQHOFFAU57CA,1,15.77,共有部份,鋼筋混凝土造,107年4月27日,十二層,,持分移轉
RPTOMLQJQHOFFAU87CA,34,82.66,住家用,鋼筋混凝土造,74年9月16日,五層,二層 陽台,全筆移轉
RPTOMLQJQHOFFAU87CA,34,6.50,共有部份,鋼筋混凝土造,74年9月16日,五層,,持分移轉
RPSNMLRJQHOFFCU97CA,,253.19,住家用,鋼筋混凝土造,108年6月25日,四層,一層 二層 三層 四層 陽台,全筆移轉
RPXNMLPJQHOFFAU08CA,22,76.64,住家用,鋼筋混凝土造,86年6月6日,二層,一層 二層 陽台 平台 屋頂突出物 見其他登記事項,持分移轉
RPVNMLQKQHOFFAU28EA,6,238.09,住家用,鋼筋混凝土造,102年1月16日,三層,一層 二層 三層 陽台,全筆移轉
RPQOMLMJQHOFFAU17CA,35,109.62,住家用,鋼筋混凝土加強磚造,73年6月25日,二層,一層 二層 屋頂突出物,全筆移轉
RPUNMLMKQHOFFCU77CA,,201.56,住家用,鋼筋混凝土造,108年6月25日,三層,一層 二層 三層 陽台 見其他登記事項,全筆移轉
RPVNMLMKQHOFFCU87CA,,212.45,住家用,鋼筋混凝土造,108年6月25日,三層,一層 二層 三層 陽台 見其他登記事項,全筆移轉
RPWNMLMKQHOFFCU97CA,,278.74,住家用,鋼筋混凝土造,108年6月25日,四層,一層 二層 三層 四層 陽台,全筆移轉
RPXNMLMKQHOFFCU08CA,,357.25,住家用,鋼筋混凝土造,108年6月25日,三層,一層 二層 三層 陽台 見其他登記事項,全筆移轉
RPPOMLMKQHOFFCU37CA,,256.75,住家用,鋼筋混凝土造,108年6月25日,四層,一層 二層 三層 四層 陽台,全筆移轉
RPPNMLRJQHOFFAU47CA,4,381.26,住家用,鋼筋混凝土造,104年7月13日,四層,一層 二層 三層 四層 陽台 屋頂突出物 見其他登記事項,全筆移轉
RPOOMLMKQHOFFCU27CA,,216.05,住家用,鋼筋混凝土造,108年6月25日,三層,一層 二層 三層 陽台 見其他登記事項,全筆移轉
RPTOMLPJQHOFFAU77CA,24,21.38,住家用,鋼筋混凝土造,84年3月3日,五層,四層 陽台,全筆移轉
RPTOMLPJQHOFFAU77CA,24,5.65,共有部份,鋼筋混凝土造,84年3月3日,五層,,持分移轉
RPPOMLPJQHOFFAU37CA,3,242.10,住家用,鋼筋混凝土造,106年1月4日,三層,一層 二層 三層 陽台 屋頂突出物 屋簷 見其他登記事項,全筆移轉
RPUNMLQJQHOFFAU87CA,25,34.18,住家用,鋼筋混凝土造,83年11月7日,六層,二層 陽台,全筆移轉
RPUNMLQJQHOFFAU87CA,25,8.58,共有部份,鋼筋混凝土造,83年11月7日,六層,,持分移轉
RPSNMLNKQHOFFAU47CA,50,24.86,住家用,加強磚造,,一層,一層,全筆移轉
RPTPMLQJQHOFFAU97CA,20,13.06,共有部份,鋼筋混凝土造,88年4月14日,五層,,持分移轉
RPTPMLQJQHOFFAU97CA,20,120.96,住家用,鋼筋混凝土造,88年4月14日,五層,五層 陽台 雨遮,全筆移轉
RPTPMLQJQHOFFAU97CA,20,8.38,共有部份,鋼筋混凝土造,88年4月14日,五層,,持分移轉
RPPNMLQJQHOFFAU37CA,25,64.87,住家用,鋼筋混凝土造,83年2月2日,七層,六層 陽台 花台,全筆移轉
RPPNMLQJQHOFFAU37CA,,17.57,共有部份,鋼筋混凝土造,,七層,,持分移轉
RPTNMLMKQHOFFAU47CA,41,91.91,住商用,鋼筋混凝土加強磚造,67年11月9日,二層,一層 二層 騎樓,全筆移轉
RPROMLSJQHOFFAU87CA,25,31.93,住家用,鋼筋混凝土造,83年4月21日,五層,五層 花台,全筆移轉
RPROMLSJQHOFFAU87CA,25,5.74,共有部份,鋼筋混凝土造,83年4月21日,五層,,持分移轉
RPUNMLSLQHOFFAU28CA,24,22.80,住家用,鋼筋混凝土造,84年9月19日,六層,六層 陽台,全筆移轉
RPUNMLSLQHOFFAU28CA,24,9.54,共有部份,鋼筋混凝土造,84年9月19日,六層,,持分移轉
RPPNMLSJQHOFFCU77CA,1,192.83,住家用,鋼筋混凝土造,107年1月18日,三層,一層 二層 三層 屋頂突出物,全筆移轉
RPOOMLTJQHOFFAU67CA,,51.24,住家用,木造,,一層,一層,全筆移轉
RPOOMLTJQHOFFAU67CA,51,45.14,住家用,木造,57年3月30日,一層,一層,全筆移轉
RPQOMLRJQHOFFAU67CA,25,60.02,住家用,鋼筋混凝土造,83年6月10日,五層,三層 陽台,全筆移轉
RPQOMLRJQHOFFAU67CA,25,8.27,共有部份,鋼筋混凝土造,83年6月10日,五層,,持分移轉
RPSPMLQJQHOFFAU87CA,23,24.36,住家用,鋼筋混凝土造,85年7月22日,五層,五層 陽台,全筆移轉
RPSPMLQJQHOFFAU87CA,23,6.28,共有部份,鋼筋混凝土造,85年7月22日,五層,,持分移轉
RPXNMLTKQHOFFAU58CA,27,67.82,住家用,鋼筋混凝土造,81年4月22日,五層,三層 陽台,全筆移轉
RPXNMLTKQHOFFAU58CA,27,10.38,共有部份,鋼筋混凝土造,81年4月22日,五層,,持分移轉
RPOOMLTKQHOFFAU77CA,48,51.14,住家用,鋼筋混凝土加強磚造,61年1月1日,一層,一層 騎樓,全筆移轉
RPWOMLOKQHOFFAU08CA,39,85.86,住家用,鋼筋混凝土造,69年5月3日,五層,二層 陽台,全筆移轉
RPWOMLOKQHOFFAU08CA,39,10.97,共有部份,鋼筋混凝土造,69年5月3日,,,持分移轉
RPWOMLOKQHOFFAU08CA,39,7.12,共有部份,鋼筋混凝土造,69年5月3日,五層,,持分移轉
RPWNMLMLQHOFFAU87CA,1,281.10,倉庫,鋼筋混凝土造,107年3月20日,四層,一層 二層 三層 四層 陽台,全筆移轉
RPQNMLTJQHOFFAU77CA,25,31.05,住家用,鋼筋混凝土造,83年7月8日,六層,三層 陽台 花台,全筆移轉
RPQNMLTJQHOFFAU77CA,25,12.86,共有部份,鋼筋混凝土造,83年7月8日,六層,,持分移轉
RPQNMLKKQHOFFAU96CA,24,32.24,住家用,鋼筋混凝土造,84年8月19日,十一層,七層 陽台,全筆移轉
RPQNMLKKQHOFFAU96CA,24,10.38,共有部份,鋼筋混凝土造,84年8月19日,十一層,,持分移轉
RPSOMLTJQHOFFAU08CA,1,46.11,集合住宅,鋼筋混凝土造,107年4月27日,十二層,八層 陽台,全筆移轉
RPSOMLTJQHOFFAU08CA,1,13.63,共有部份,鋼筋混凝土造,107年4月27日,十二層,,持分移轉
RPSOMLTJQHOFFAU08CA,1,10.51,本共有部份之項目有防空避難室兼停車空間、機電設備、騎樓、Ｆ梯安全梯、一樓梯廳、一樓門廳、管委會使用空間、車道、Ｃ棟垃圾處理區等９項。,鋼筋混凝土造,107年4月27日,十二層,,持分移轉
RPRNMLKKQHOFFAU07CA,21,245.55,住家用,鋼筋混凝土造,87年10月2日,三層,一層 二層 三層 陽台 屋頂突出物 車庫,全筆移轉
RPPNMLMKQHOFFAU07CA,20,20.04,住家用,鋼筋混凝土造,88年11月25日,六層,六層 陽台,全筆移轉
RPPNMLMKQHOFFAU07CA,20,14.25,共有部份,鋼筋混凝土造,88年11月25日,六層,,持分移轉
RPQNMLTKQHOFFAU08EA,3,455.63,住家用,鋼筋混凝土造,105年6月30日,五層,一層 二層 三層 四層 五層 陽台 騎樓,全筆移轉
RPPNMLNKQHOFFAU17CA,27,21.89,住家用,鋼筋混凝土造,81年12月9日,五層,五層 陽台,全筆移轉
RPPNMLNKQHOFFAU17CA,27,5.38,共有部份,鋼筋混凝土造,81年12月9日,五層,,持分移轉
RPTNMLSLQHOFFAU18CA,33,117.30,住家用,鋼筋混凝土造,75年4月2日,五層,五層 陽台,全筆移轉
RPTNMLSLQHOFFAU18CA,33,14.87,共有部份,鋼筋混凝土造,75年4月2日,五層,,持分移轉
RPTNMLSLQHOFFAU18CA,33,7.70,共有部份,鋼筋混凝土造,75年4月2日,五層,,持分移轉
RPOOMLOKQHOFFAU27CA,24,27.46,住家用,鋼筋混凝土造,84年8月19日,十一層,三層 陽台 花台,全筆移轉
RPOOMLOKQHOFFAU27CA,24,7.71,共有部份,鋼筋混凝土造,84年8月19日,十一層,,持分移轉
RPTNMLNKQHOFFAU57CA,34,207.66,住商用,鋼筋混凝土造,74年9月16日,三層,一層 二層 三層 屋頂突出物 騎樓 地下層,全筆移轉
RPQOMLNKQHOFFAU37CA,1,204.36,住家用,鋼筋混凝土造,107年9月4日,三層,一層 二層 三層 陽台 屋頂突出物,全筆移轉
RPPNMLKLQHOFFAU96CA,33,116.94,住家用,鋼筋混凝土造,75年4月2日,五層,三層 陽台,全筆移轉
RPPNMLKLQHOFFAU96CA,33,15.58,共有部份,鋼筋混凝土造,75年4月2日,五層,,持分移轉
RPPNMLKLQHOFFAU96CA,33,7.70,共有部份,鋼筋混凝土造,75年4月2日,五層,,持分移轉
RPTOMLMKQHOFFAU57CA,38,93.12,住家用,鋼筋混凝土加強磚造,70年12月26日,二層,一層 二層,全筆移轉
RPRNMLNKQHOFFAU37CA,20,218.81,住商用,鋼筋混凝土造,88年2月1日,四層,一層 二層 三層 四層 陽台 平台 屋頂突出物 騎樓,全筆移轉
RPRNMLLKQHOFFAU17CA,37,94.25,住商用,鋼筋混凝土加強磚造,71年2月8日,二層,一層 二層 騎樓,全筆移轉
RPSPMLMJRHOFFAU57CA,51,68.68,住家用,鋼筋混凝土造,57年12月23日,二層,一層 二層,全筆移轉
RPQPMLSLOHOFFAU87CA,24,31.31,住家用,鋼筋混凝土造,84年8月19日,十一層,五層 陽台,全筆移轉
RPQPMLSLOHOFFAU87CA,24,8.60,共有部份,鋼筋混凝土造,84年8月19日,十一層,,持分移轉
RPQOMLKKPHOFFAU96CA,24,9.94,共有部份,鋼筋混凝土造,84年3月27日,五層,,持分移轉
RPQOMLKKPHOFFAU96CA,24,34.83,住家用,鋼筋混凝土造,84年3月27日,五層,五層 陽台,全筆移轉
RPRNMLPKPHOFFAU47CA,,363.05,住家用,鋼筋混凝土造,108年1月22日,五層,一層 二層 三層 四層 五層 陽台 屋頂突出物 騎樓,全筆移轉
RPPOMLPKPHOFFAU37CA,25,190.84,住商用,鋼筋混凝土造,83年4月1日,三層,一層 二層 三層 陽台,全筆移轉
RPPNMLRLOHOFFCU67CA,41,100.40,住家用,鋼筋混凝土造,67年10月30日,一層,一層,全筆移轉
RPWOMLRLOHOFFAU48EA,28,142.68,住家用,鋼筋混凝土造,80年4月29日,七層,七層 陽台,全筆移轉
RPWOMLRLOHOFFAU48EA,28,12.19,共有部份,鋼筋混凝土造,80年4月29日,七層,,持分移轉
RPVNMLSLOHOFFAU18CA,21,89.17,住家用,鋼筋混凝土造,87年4月3日,十層,九層 陽台,全筆移轉
RPVNMLSLOHOFFAU18CA,21,17.00,共有部份,鋼筋混凝土造,87年4月3日,十層,,持分移轉
RPVNMLSLOHOFFAU18CA,21,9.58,共有部份,鋼筋混凝土造,87年4月3日,十層,,持分移轉
RPUOMLSKPHOFFAU18CA,33,96.80,住家用,鋼筋混凝土造,75年7月30日,二層,一層 二層 陽台,全筆移轉
RPOOMLOKOHOFFAU07CA,,217.25,住家用,鋼筋混凝土造,108年4月22日,四層,一層 二層 三層 四層 陽台,全筆移轉
RPPNMLKLOHOFFAU76CA,23,100.12,住家用,鋼筋混凝土造,85年6月11日,八層,八層 陽台,全筆移轉
RPPNMLKLOHOFFAU76CA,25,6.65,停車空間,鋼筋混凝土造,83年6月11日,八層,,持分移轉
RPPNMLKLOHOFFAU76CA,23,26.09,共有部份,鋼筋混凝土造,85年6月11日,八層,,持分移轉
RPPNMLOLOHOFFAU17CA,3,417.17,住家用,鋼筋混凝土造,105年6月30日,四層,一層 二層 三層 四層 陽台 屋頂突出物 騎樓,全筆移轉
RPOPMLKLOHOFFAU86CA,16,.26,住家用,鋼骨造,92年2月21日,十二層,一層 二層,持分移轉
RPOPMLKLOHOFFAU86CA,16,.26,住家用,鋼骨造,92年2月21日,十二層,一層 二層,持分移轉
RPOPMLKLOHOFFAU86CA,16,63.17,住家用,鋼骨造,92年2月21日,十二層,三層 陽台 雨遮,全筆移轉
RPOPMLKLOHOFFAU86CA,16,8.27,共有部份,鋼骨造,92年2月21日,十二層,,持分移轉
RPOPMLKLOHOFFAU86CA,16,12.06,共有部份,鋼骨造,92年2月21日,十二層,,持分移轉
RPOOMLOLOHOFFAU17CA,12,380.34,住家用,鋼筋混凝土造,96年11月13日,四層,一層 二層 三層 四層 陽台 騎樓 見其他登記事項,全筆移轉
RPPOMLTKPHOFFAU77CA,33,23.50,辦公室,鋼筋混凝土造,75年5月31日,九層,三層,全筆移轉
RPPOMLTKPHOFFAU77CA,33,2.19,共有部份,鋼筋混凝土造,75年5月31日,九層,,持分移轉
RPRPMLMLPHOFFAU47CA,40,102.18,住商用,鋼筋混凝土加強磚造,68年1月16日,二層,一層 二層 騎樓,全筆移轉
RPUNMLPKPHOFFAU77CA,25,112.41,住家用,鋼筋混凝土造,83年4月13日,十二層,八層 陽台 花台,全筆移轉
RPUNMLPKPHOFFAU77CA,25,38.49,共有部份,鋼筋混凝土造,83年4月13日,十二層,,持分移轉
RPROMLMJPHOFFAU17CA,46,52.27,住家用,鋼筋水泥磚木造,62年3月16日,一層,一層 騎樓,全筆移轉
RPTNMLSLOHOFFAU97CA,,228.82,住家用,鋼筋混凝土造,108年1月19日,三層,一層 二層 三層 陽台 屋頂突出物,全筆移轉
RPRPMLLJPHOFFAU17CA,26,182.54,住家用,鋼筋混凝土造,82年6月9日,三層,一層 二層 三層 陽台 平台 屋頂突出物,全筆移轉
RPRNMLTKPHOFFAU87CA,25,54.61,住家用,鋼筋混凝土造,83年10月28日,十四層,四層 陽台 花台,全筆移轉
RPRNMLTKPHOFFAU87CA,25,14.99,共有部份,鋼筋混凝土造,83年10月28日,十四層,,持分移轉
RPUOMLLJPHOFFAU37CA,20,120.96,住家用,鋼筋混凝土造,88年4月14日,五層,二層 陽台 雨遮,全筆移轉
RPUOMLLJPHOFFAU37CA,20,13.06,共有部份,鋼筋混凝土造,88年4月14日,五層,,持分移轉
RPUOMLLJPHOFFAU37CA,20,8.38,共有部份,鋼筋混凝土造,88年4月14日,五層,,持分移轉
RPXOMLMJPHOFFAU77CA,45,29.20,住家用,磚石造,63年6月1日,一層,一層,全筆移轉
RPVNMLMJPHOFFAU47CA,19,109.36,住家用,鋼筋混凝土造,89年6月9日,七層,五層 陽台,全筆移轉
RPVNMLMJPHOFFAU47CA,19,56.21,共有部份,鋼筋混凝土造,89年6月9日,七層,,持分移轉
RPVNMLMJPHOFFAU47CA,19,22.10,共有部份,鋼筋混凝土造,89年6月9日,七層,,持分移轉
RPWNMLMJPHOFFAU57CA,40,46.49,住家用,鋼筋混凝土加強磚造,68年9月24日,一層,一層,全筆移轉
RPRNMLSLOHOFFCU97CA,37,107.40,住家用,鋼筋混凝土加強磚造,71年4月29日,二層,一層 二層,全筆移轉
RPPPMLTJPHOFFAU77CA,33,23.02,住家用,鋼筋混凝土造,75年7月12日,五層,四層 陽台,全筆移轉
RPPPMLTJPHOFFAU77CA,33,5.30,共有部份,鋼筋混凝土造,75年7月12日,五層,,持分移轉
RPXNMLPLPHOFFAU18CA,22,88.28,住家用,鋼筋混凝土造,86年3月18日,五層,一層 平台 停車場 夾層,全筆移轉
RPXNMLPLPHOFFAU18CA,22,15.58,共有部份,鋼筋混凝土造,86年3月18日,五層,,持分移轉
RPQNMLQLOHOFFAU47CA,42,107.10,住商用,鋼筋混凝土造,66年7月1日,二層,一層 二層 騎樓,全筆移轉
RPQNMLMJPHOFFAU96CA,38,188.93,住商用,鋼筋混凝土造,70年6月26日,三層,一層 二層 三層 屋頂突出物 騎樓,全筆移轉
RPTNMLMJPHOFFAU27CA,26,68.97,住家用,鋼筋混凝土造,82年11月8日,六層,二層 陽台 花台,全筆移轉
RPQPMLLJPHOFFAU07CA,3,288.72,農舍,鋼筋混凝土造,105年6月4日,三層,一層 二層 三層 陽台 屋頂突出物,全筆移轉
RPTNMLMJPHOFFAU27CA,26,28.28,共有部份,鋼筋混凝土造,82年11月8日,六層,,持分移轉
RPPNMLPJPHOFFAU17CA,,59.00,集合住宅,鋼筋混凝土造、磚造,108年2月20日,五層,三層 陽台,全筆移轉
RPPNMLPJPHOFFAU17CA,,21.81,共有部份,鋼筋混凝土造、磚造,108年2月20日,五層,,持分移轉
RPTPMLMJPHOFFAU47CA,26,81.12,住家用,鋼筋混凝土造,82年10月15日,五層,五層 陽台,全筆移轉
RPTPMLMJPHOFFAU47CA,26,28.95,共有部份,鋼筋混凝土造,82年10月15日,五層,,持分移轉
RPUNMLOJPHOFFAU57CA,25,22.56,住家用,鋼筋混凝土造,83年11月15日,十二層,九層,全筆移轉
RPUNMLQLOHOFFAU87CA,26,101.79,住家用,鋼筋混凝土造,82年2月24日,五層,四層 陽台,全筆移轉
RPUNMLQLOHOFFAU87CA,26,13.51,共有部份,鋼筋混凝土造,82年2月24日,五層,,持分移轉
RPUNMLOJPHOFFAU57CA,25,7.02,共有部份,鋼筋混凝土造,83年11月15日,十二層,,持分移轉
RPUNMLOJPHOFFAU57CA,25,3.78,共有部份,鋼筋混凝土造,83年11月15日,十二層,,持分移轉
RPSOMLKKPHOFFAU17CA,20,95.45,住家用,鋼筋混凝土造,88年4月14日,五層,二層 陽台 雨遮,全筆移轉
RPSOMLKKPHOFFAU17CA,20,6.75,共有部份,鋼筋混凝土造,88年4月14日,五層,,持分移轉
RPQNMLNJPHOFFAU07CA,41,110.20,住家用,鋼筋混凝土造,67年5月18日,二層,一層 二層 屋頂突出物 騎樓,全筆移轉
RPSOMLKKPHOFFAU17CA,20,10.45,共有部份,鋼筋混凝土造,88年4月14日,五層,,持分移轉
RPOOMLMJPHOFFAU86CA,33,102.95,住家用,鋼筋混凝土造,75年7月24日,二層,一層 二層 陽台,全筆移轉
RPOOMLPLPHOFFAU37CA,25,64.87,住家用,鋼筋混凝土造,83年2月2日,七層,五層 陽台 花台,全筆移轉
RPOOMLPLPHOFFAU37CA,,17.57,共有部份,鋼筋混凝土造,,七層,,持分移轉
RPWOMLPJPHOFFAU97CA,21,87.19,住家用,鋼筋混凝土造,87年4月16日,五層,三層 陽台,全筆移轉
RPWOMLPJPHOFFAU97CA,21,21.57,共有部份,鋼筋混凝土造,87年4月16日,五層,,持分移轉
RPQOMLOJPHOFFAU27CA,41,81.76,住家用,鋼筋混凝土造,67年8月30日,二層,一層 二層,全筆移轉
RPSNMLOJPHOFFAU37CA,2,267.34,住家用,鋼筋混凝土造,106年5月22日,四層,一層 二層 三層 四層 陽台 見其他登記事項,全筆移轉
RPUOMLOJPHOFFAU67CA,1,46.11,集合住宅,鋼筋混凝土造,107年4月27日,十二層,七層 陽台,全筆移轉
RPUOMLOJPHOFFAU67CA,1,10.51,本共有部份之項目有防空避難室兼停車空間、機電設備、騎樓、Ｆ梯安全梯、一樓梯廳、一樓門廳、管委會使用空間、車道、Ｃ棟垃圾處理區等９項。,鋼筋混凝土造,107年4月27日,十二層,,持分移轉
RPUOMLOJPHOFFAU67CA,1,13.63,共有部份,鋼筋混凝土造,107年4月27日,十二層,,持分移轉
RPPQMLTJPHOFFAU87CA,25,41.16,住家用,鋼筋混凝土造,83年7月29日,九層,四層,全筆移轉
RPPQMLTJPHOFFAU87CA,25,15.98,共有部份,鋼筋混凝土造,83年7月29日,九層,,持分移轉
RPXNMLNJPHOFFAU77CA,27,22.23,住家用,鋼筋混凝土造,81年12月9日,五層,五層 陽台,全筆移轉
RPXNMLNJPHOFFAU77CA,27,5.38,共有部份,鋼筋混凝土造,81年12月9日,五層,,持分移轉
RPVNMLQKPHOFFAU97CA,,35.39,集合住宅,鋼筋混凝土造,108年3月25日,七層,二層 陽台,全筆移轉
RPVNMLQKPHOFFAU97CA,,16.49,本共有部分之項目有台電受電室、電信室、電梯安全梯、梯廳及防空避難室等５項,鋼筋混凝土造,108年3月25日,七層,,持分移轉
RPVNMLQKPHOFFAU97CA,,2.78,停車空間,鋼筋混凝土造,108年3月25日,七層,,持分移轉
RPWNMLQKPHOFFAU08CA,,35.39,集合住宅,鋼筋混凝土造,108年3月25日,七層,六層 陽台,全筆移轉
RPWNMLQKPHOFFAU08CA,,16.49,本共有部分之項目有台電受電室、電信室、電梯安全梯、梯廳及防空避難室等５項,鋼筋混凝土造,108年3月25日,七層,,持分移轉
RPWNMLQKPHOFFAU08CA,,2.78,停車空間,鋼筋混凝土造,108年3月25日,七層,,持分移轉
RPVPMLKKPHOFFAU57CA,3,266.05,住家用,鋼筋混凝土造,105年1月28日,四層,一層 二層 三層 四層 陽台 雨遮,全筆移轉
RPOOMLNJPHOFFAU96CA,27,21.89,住家用,鋼筋混凝土造,81年12月9日,五層,四層 陽台,全筆移轉
RPOOMLNJPHOFFAU96CA,27,5.38,共有部份,鋼筋混凝土造,81年12月9日,五層,,持分移轉
RPQNMLMKPHOFFAU07CA,26,97.39,住家用,鋼筋混凝土造,82年9月14日,五層,二層 陽台,全筆移轉
RPQNMLMKPHOFFAU07CA,26,11.12,共有部份,鋼筋混凝土造,82年9月14日,五層,,持分移轉
RPOOMLQKPHOFFAU37CA,,35.39,集合住宅,鋼筋混凝土造,108年3月25日,七層,七層 陽台,全筆移轉
RPOOMLQKPHOFFAU37CA,,16.49,本共有部分之項目有台電受電室、電信室、電梯安全梯、梯廳及防空避難室等５項,鋼筋混凝土造,108年3月25日,七層,,持分移轉
RPOOMLQKPHOFFAU37CA,,16.69,停車空間,鋼筋混凝土造,108年3月25日,七層,,持分移轉
RPUNMLTKPHOFFAU18CA,23,82.40,住家用,鋼筋混凝土造,84年12月28日,六層,二層 陽台,全筆移轉
RPUNMLTKPHOFFAU18CA,23,25.77,共有部份,鋼筋混凝土造,84年12月28日,六層,,持分移轉
RPVNMLQLPHOFFAU08CA,26,21.88,住家用,鋼筋混凝土造,82年6月22日,七層,七層 陽台,全筆移轉
RPVNMLQLPHOFFAU08CA,26,8.90,共有部份,鋼筋混凝土造,82年6月22日,七層,,持分移轉
RPPNMLQKPHOFFAU37CA,,35.39,集合住宅,鋼筋混凝土造,108年3月25日,七層,二層 陽台,全筆移轉
RPPNMLQKPHOFFAU37CA,,2.78,停車空間,鋼筋混凝土造,108年3月25日,七層,,持分移轉
RPPNMLQKPHOFFAU37CA,,16.49,本共有部分之項目有台電受電室、電信室、電梯安全梯、梯廳及防空避難室等５項,鋼筋混凝土造,108年3月25日,七層,,持分移轉
RPQNMLSKPHOFFAU67CA,39,119.09,住商用,鋼筋混凝土造,69年2月9日,二層,一層 二層 三層 屋頂突出物 騎樓,全筆移轉
RPQPMLPJPHOFFAU47CA,41,81.26,住家用,鋼筋混凝土加強磚造,67年2月25日,二層,一層 二層,全筆移轉
RPPPMLSJPHOFFAU67CA,35,133.20,住家用,鋼筋混凝土加強磚造,73年11月28日,二層,一層 二層 陽台,全筆移轉
RPPNMLTJPHOFFAU57CA,23,64.10,住家用,鋼筋混凝土造,85年1月11日,五層,五層 陽台,全筆移轉
RPPNMLTJPHOFFAU57CA,23,12.14,共有部份,鋼筋混凝土造,85年1月11日,五層,,持分移轉
RPVNMLSJPHOFFAU08CA,33,70.92,住家用,鋼筋混凝土造,75年9月12日,二層,一層 二層 陽台,全筆移轉
RPRNMLTJPHOFFAU77CA,32,10.52,共有部份,鋼筋混凝土造,76年11月17日,七層,,持分移轉
RPRNMLTJPHOFFAU77CA,32,32.94,住家用,鋼筋混凝土造,76年11月17日,七層,四層 陽台,全筆移轉
RPQPMLSJPHOFFAU77CA,13,199.38,住家用,鋼筋混凝土造,95年6月23日,四層,一層 二層 三層 四層 陽台,全筆移轉
RPSPMLKKPHOFFAU27CA,3,185.93,住商用,鋼筋混凝土造,105年10月11日,九層,一層 二層 騎樓,全筆移轉
RPSPMLKKPHOFFAU27CA,3,36.01,共有部份（機電室、電梯間、管理室、樓梯間、騎樓）,鋼筋混凝土造,105年10月11日,九層,,持分移轉
RPXPMLTJRHOFFAU78CA,36,204.34,住家用,鋼筋混凝土加強磚造,72年7月26日,二層,一層 二層 陽台 屋頂突出物,全筆移轉
RPQOMLLKPHOFFAU07CA,48,156.36,住家用,鋼筋混凝土加強磚造,60年11月17日,二層,一層 二層 騎樓,全筆移轉
RPROMLLKPHOFFAU17CA,26,85.50,住家用,鋼筋混凝土造,82年11月9日,八層,三層 陽台,全筆移轉
RPROMLLKPHOFFAU17CA,26,22.00,共有部份,鋼筋混凝土造,82年11月9日,八層,,持分移轉
RPQOMLSJPHOFFAU67CA,38,81.60,住家用,鋼筋混凝土加強磚造,69年12月23日,二層,一層 二層,全筆移轉
RPPNMLMKPHOFFAU96CA,40,86.39,住家用,鋼筋混凝土加強磚造,68年5月10日,二層,一層 二層,全筆移轉
RPVNMLKKPHOFFAU37CA,9,333.93,住家用,鋼筋混凝土造,98年12月31日,三層,一層 二層 三層,全筆移轉
RPOPMLPLPHOFFAU47CA,23,108.62,住家用,鋼筋混凝土造,85年2月16日,十五層,九層 陽台,全筆移轉
RPOPMLPLPHOFFAU47CA,23,28.37,共有部份,鋼筋混凝土造,85年2月16日,十五層,,持分移轉
RPOPMLPLPHOFFAU47CA,23,14.51,共有部份,鋼筋混凝土造,85年2月16日,十五層,,持分移轉
RPVOMLKMPHOFFAU67CA,,35.39,集合住宅,鋼筋混凝土造,108年3月25日,七層,四層 陽台,全筆移轉
RPVOMLKMPHOFFAU67CA,,16.49,本共有部分之項目有台電受電室、電信室、電梯安全梯、梯廳及防空避難室等５項,鋼筋混凝土造,108年3月25日,七層,,持分移轉
RPVOMLKMPHOFFAU67CA,,2.78,停車空間,鋼筋混凝土造,108年3月25日,七層,,持分移轉
RPUPMLKKPHOFFAU47CA,15,128.90,住家用,鋼筋混凝土加強磚造及鋼骨空心磚造,93年6月21日,二層,一層 二層 陽台,全筆移轉
RPSNMLTKPHOFFAU97CA,28,199.20,住家用,鋼筋混凝土造,80年9月7日,三層,一層 二層 三層 陽台,全筆移轉
RPXOMLKKPHOFFAU67CA,24,6.39,共有部份,鋼筋混凝土造,84年4月6日,五層,,持分移轉
RPXOMLKKPHOFFAU67CA,24,42.85,住家用,鋼筋混凝土造,84年4月6日,五層,五層 陽台,全筆移轉
RPPPMLKKPHOFFAU96CA,36,126.73,住商用,鋼筋混凝土加強磚造,72年5月2日,二層,一層 二層 屋頂突出物 騎樓,全筆移轉
RPWNMLMKPHOFFAU67CA,21,39.81,住家用,鋼筋混凝土造,87年5月7日,十層,八層 陽台,全筆移轉
RPWNMLMKPHOFFAU67CA,21,9.42,共有部份,鋼筋混凝土造,87年5月7日,十層,,持分移轉
RPPNMLOKPHOFFAU17CA,26,186.36,住家用,鋼筋混凝土造,82年8月19日,三層,一層 二層 三層 陽台 平台 屋頂突出物,全筆移轉
RPXNMLMKPHOFFAU77CA,25,93.72,住家用,鋼筋混凝土造,83年2月2日,七層,五層 陽台 花台,全筆移轉
RPXNMLMKPHOFFAU77CA,,27.96,共有部份,鋼筋混凝土造,,七層,,持分移轉
RPROMLQKPHOFFAU67CA,,35.39,集合住宅,鋼筋混凝土造,108年3月25日,七層,四層 陽台,全筆移轉
RPROMLQKPHOFFAU67CA,,16.49,本共有部分之項目有台電受電室、電信室、電梯安全梯、梯廳及防空避難室等５項,鋼筋混凝土造,108年3月25日,七層,,持分移轉
RPROMLQKPHOFFAU67CA,,2.78,停車空間,鋼筋混凝土造,108年3月25日,七層,,持分移轉
RPPOMLQKPHOFFAU47CA,,35.39,集合住宅,鋼筋混凝土造,108年3月25日,七層,七層 陽台,全筆移轉
RPPOMLQKPHOFFAU47CA,,16.49,本共有部分之項目有台電受電室、電信室、電梯安全梯、梯廳及防空避難室等５項,鋼筋混凝土造,108年3月25日,七層,,持分移轉
RPPOMLQKPHOFFAU47CA,,2.78,停車空間,鋼筋混凝土造,108年3月25日,七層,,持分移轉
RPQNMLLKPHOFFAU96CA,37,109.20,住家用,鋼筋混凝土加強磚造,71年4月19日,二層,一層 二層 屋頂突出物 騎樓,全筆移轉
RPSNMLLKPHOFFAU17CA,25,53.84,住家用,鋼筋混凝土造,83年10月28日,十四層,四層 陽台,全筆移轉
RPSNMLLKPHOFFAU17CA,25,14.69,共有部份,鋼筋混凝土造,83年10月28日,十四層,,持分移轉
RPRNMLNKPHOFFAU27CA,35,80.75,住家用,鋼筋混凝土造,73年9月19日,五層,五層 陽台,全筆移轉
RPRNMLNKPHOFFAU27CA,35,7.54,共有部份,鋼筋混凝土造,73年9月19日,五層,,持分移轉
RPRNMLNKPHOFFAU27CA,35,5.92,共有部份,鋼筋混凝土造,73年9月19日,五層,,持分移轉
RPPNMLPKPHOFFCU47CA,37,202.86,住商用,鋼筋混凝土造,70年12月16日,三層,一層 二層 三層 陽台 屋頂突出物 騎樓,全筆移轉
RPQNMLKMPHOFFBU37EA,34,157.88,住家用,鋼筋混凝土加強磚造,74年8月3日,二層,一層 二層,全筆移轉
RPRNMLSJQHOFFAU77CA,27,34.82,住家用,鋼筋混凝土造,81年1月28日,四層,三層 陽台,全筆移轉
RPRNMLSJQHOFFAU77CA,27,2.91,共有部份,鋼筋混凝土造,81年1月28日,四層,,持分移轉
RPRNMLSJQHOFFAU77CA,27,19.91,住家用,鋼筋混凝土造,81年1月28日,四層,三層 陽台,全筆移轉
RPRNMLSJQHOFFAU77CA,27,6.31,共有部份,鋼筋混凝土造,81年1月28日,四層,,持分移轉
RPUNMLQLPHOFFAU97CA,23,41.80,住家用,鋼筋混凝土造,85年9月20日,五層,三層 陽台,全筆移轉
RPUNMLQLPHOFFAU97CA,23,9.17,共有部份,鋼筋混凝土造,85年9月20日,五層,,持分移轉
RPUOMLPKPHOFFAU87CA,20,202.67,住家用,鋼筋混凝土造,88年8月13日,四層,一層 二層 三層 四層 陽台,全筆移轉
RPRNMLQKPHOFFAU57CA,27,21.89,住家用,鋼筋混凝土造,81年12月9日,五層,五層 陽台,全筆移轉
RPRNMLQKPHOFFAU57CA,27,5.38,共有部份,鋼筋混凝土造,81年12月9日,五層,,持分移轉
RPSNMLMKPHOFFAU27CA,28,238.90,住商用,鋼筋混凝土造,80年9月30日,四層,一層 二層 三層 四層 陽台 騎樓,全筆移轉
RPSNMLQKPHOFFAU67CA,30,27.45,住家用,鋼筋混凝土造,78年11月4日,六層,五層 陽台,全筆移轉
RPSNMLQKPHOFFAU67CA,30,8.26,共有部份,鋼筋混凝土造,78年11月4日,六層,,持分移轉
RPWPMLSKPHOFFAU48CA,1,198.48,住家用,鋼筋混凝土造,107年1月22日,四層,一層 二層 三層 四層 陽台,全筆移轉
RPRPMLQKPHOFFAU77CA,25,27.46,住家用,鋼筋混凝土造,83年11月15日,十二層,十層,全筆移轉
RPRPMLQKPHOFFAU77CA,25,8.47,共有部份,鋼筋混凝土造,83年11月15日,十二層,,持分移轉
RPRPMLQKPHOFFAU77CA,25,4.58,共有部份,鋼筋混凝土造,83年11月15日,十二層,,持分移轉
RPQNMLQKPHOFFAU47CA,36,80.49,住家用,鋼筋混凝土加強磚造,72年3月11日,二層,一層 二層,全筆移轉
RPOOMLPKPHOFFAU27CA,42,115.98,住家用,鋼筋混凝土加強磚造,66年8月11日,二層,一層 二層,全筆移轉
RPTOMLPKPHOFFAU77CA,4,231.06,住家用,鋼筋混凝土造,104年10月8日,四層,一層 二層 三層 四層 陽台,全筆移轉
RPSOMLQKPHOFFAU77CA,11,235.08,住家用,鋼筋混凝土造,97年5月21日,三層,一層 二層 三層 陽台 屋頂突出物 雨遮,全筆移轉
RPSOMLQLPHOFFAU87CA,1,81.21,集合住宅,鋼筋混凝土造,107年4月16日,五層,二層 陽台,全筆移轉
RPSOMLQLPHOFFAU87CA,1,47.38,本共有部分之項目有安全梯、電梯、一般樓梯、梯廳、停車空間、管委會空間及屋頂突出物一、二層等７項。,鋼筋混凝土造,107年4月16日,五層,,持分移轉
RPXOMLLJQHOFFAU77CA,20,120.96,住家用,鋼筋混凝土造,88年4月14日,五層,二層 陽台 雨遮,全筆移轉
RPXNMLTKPHOFFAU48CA,25,20.66,住家用,鋼筋混凝土造,83年11月15日,十二層,三層 陽台,全筆移轉
RPXOMLLJQHOFFAU77CA,20,7.56,共有部份,鋼筋混凝土造,88年4月14日,五層,,持分移轉
RPXNMLTKPHOFFAU48CA,25,6.40,共有部份,鋼筋混凝土造,83年11月15日,十二層,,持分移轉
RPXOMLLJQHOFFAU77CA,20,11.61,共有部份,鋼筋混凝土造,88年4月14日,五層,,持分移轉
RPXNMLTKPHOFFAU48CA,25,3.38,共有部份,鋼筋混凝土造,83年11月15日,十二層,,持分移轉
RPTOMLTKPHOFFAU18CA,3,248.84,住家用,鋼筋混凝土造,104年12月9日,四層,一層 二層 三層 四層 陽台 雨遮,全筆移轉
RPTOMLSKPHOFFAU08CA,,35.39,集合住宅,鋼筋混凝土造,108年3月25日,七層,二層 陽台,全筆移轉
RPTOMLSKPHOFFAU08CA,,2.78,停車空間,鋼筋混凝土造,108年3月25日,七層,,持分移轉
RPTOMLSKPHOFFAU08CA,,16.49,本共有部分之項目有台電受電室、電信室、電梯安全梯、梯廳及防空避難室等５項,鋼筋混凝土造,108年3月25日,七層,,持分移轉
RPWPMLMLPHOFFAU97CA,6,263.59,住家用,鋼筋混凝土造,102年1月18日,三層,一層 二層 三層 陽台 屋頂突出物,全筆移轉
RPPNMLRKPHOFFAU47CA,31,47.00,商業用,鋼筋混凝土造,77年2月8日,六層,六層 陽台,全筆移轉
RPPNMLRKPHOFFAU47CA,31,10.37,共有部份,鋼筋混凝土造,77年2月8日,六層,,持分移轉
RPQPMLQKPHOFFAU67CA,32,41.46,住家用,鋼筋混凝土造,76年11月17日,七層,五層,全筆移轉
RPQPMLQKPHOFFAU67CA,32,13.98,共有部份,鋼筋混凝土造,76年11月17日,七層,,持分移轉
RPTNMLQKPHOFFAU77CA,42,113.55,住家用,鋼筋混凝土加強磚造,66年12月1日,二層,一層 二層 騎樓,全筆移轉
RPTNMLRKPHOFFAU87CA,38,93.12,住家用,鋼筋混凝土加強磚造,70年6月23日,二層,一層 二層,全筆移轉
RPUNMLRKPHOFFAU97CA,21,.48,住家用,鋼筋混凝土造,87年10月9日,五層,一層 陽台,持分移轉
RPUNMLRKPHOFFAU97CA,21,16.11,共有部份,鋼筋混凝土造,87年10月9日,五層,,持分移轉
RPUNMLRKPHOFFAU97CA,21,96.85,住家用,鋼筋混凝土造,87年10月9日,五層,三層 陽台,全筆移轉
RPUNMLRKPHOFFAU97CA,21,31.79,共有部份,鋼筋混凝土造,87年10月9日,五層,,持分移轉
RPUNMLRKPHOFFAU97CA,21,.08,共有部份,鋼筋混凝土造,87年10月9日,五層,,持分移轉
RPUNMLRKPHOFFAU97CA,21,.15,共有部份,鋼筋混凝土造,87年10月9日,五層,,持分移轉
RPWNMLRKPHOFFAU18CA,7,208.58,住家用,鋼筋混凝土造,101年4月26日,四層,一層 二層 三層 四層 陽台 見其他登記事項,全筆移轉
RPVNMLRKPHOFFAU08CA,24,88.28,住家用,鋼筋混凝土造,84年2月22日,八層,六層 陽台,全筆移轉
RPVNMLRKPHOFFAU08CA,24,18.01,共有部份,鋼筋混凝土造,84年2月22日,八層,,持分移轉
RPVNMLRKPHOFFAU08CA,24,6.12,停車空間,鋼筋混凝土造,84年2月22日,八層,,持分移轉
RPVNMLRKPHOFFAU08CA,24,14.76,共有部份,鋼筋混凝土造,84年2月22日,八層,,持分移轉
RPSOMLRKPHOFFAU87CA,3,271.31,住家用,鋼筋混凝土造,105年1月12日,三層,一層 二層 三層 陽台 屋頂突出物,全筆移轉
RPTOMLRKPHOFFAU97CA,28,110.11,住家用,鋼筋混凝土造,80年6月28日,二層,一層 二層 陽台 屋頂突出物,全筆移轉
RPPNMLOLPHOFFAU27CA,34,217.02,住商用,鋼筋混凝土造,74年9月16日,三層,一層 二層 三層 屋頂突出物 騎樓 地下層,全筆移轉
RPROMLRKPHOFFAU77CA,26,53.08,住家用,鋼筋混凝土造,82年1月11日,九層,七層 陽台,全筆移轉
RPROMLRKPHOFFAU77CA,26,13.91,共有部份,鋼筋混凝土造,82年1月11日,九層,,持分移轉
RPTPMLSKPHOFFAU18CA,,35.39,集合住宅,鋼筋混凝土造,108年3月25日,七層,五層 陽台,全筆移轉
RPTPMLSKPHOFFAU18CA,,16.49,本共有部分之項目有台電受電室、電信室、電梯安全梯、梯廳及防空避難室等５項,鋼筋混凝土造,108年3月25日,七層,,持分移轉
RPTPMLSKPHOFFAU18CA,,16.69,停車空間,鋼筋混凝土造,108年3月25日,七層,,持分移轉
RPOQMLOLPHOFFAU47CA,41,107.10,住家用,鋼筋混凝土加強磚造,67年11月10日,二層,一層 二層,全筆移轉
RPUNMLQKQHOFFAU97CA,46,32.03,住家用,鋼筋混凝土加強磚造,62年5月24日,一層,一層,全筆移轉
RPOOMLKMPHOFFAU96CA,,35.39,集合住宅,鋼筋混凝土造,108年3月25日,七層,五層 陽台,全筆移轉
RPOOMLKMPHOFFAU96CA,,16.49,本共有部分之項目有台電受電室、電信室、電梯安全梯、梯廳及防空避難室等５項,鋼筋混凝土造,108年3月25日,七層,,持分移轉
RPOOMLKMPHOFFAU96CA,,2.78,停車空間,鋼筋混凝土造,108年3月25日,七層,,持分移轉
RPQOMLKMPHOFFAU17CA,,35.39,集合住宅,鋼筋混凝土造,108年3月25日,七層,三層 陽台,全筆移轉
RPQOMLKMPHOFFAU17CA,,16.49,本共有部分之項目有台電受電室、電信室、電梯安全梯、梯廳及防空避難室等５項,鋼筋混凝土造,108年3月25日,七層,,持分移轉
RPQOMLKMPHOFFAU17CA,,2.78,停車空間,鋼筋混凝土造,108年3月25日,七層,,持分移轉
RPXOMLMKQHOFFAU97CA,51,99.36,住家用,鋼筋混凝土造,57年8月20日,二層,一層 二層,全筆移轉
RPPNMLSKPHOFFCU77CA,38,119.28,住商用,鋼筋混凝土加強磚造,70年9月7日,二層,一層 二層 騎樓,全筆移轉
RPXOMLQJQHOFFAU28CA,,35.39,集合住宅,鋼筋混凝土造,108年3月25日,七層,二層 陽台,全筆移轉
RPXOMLQJQHOFFAU28CA,,16.49,本共有部分之項目有台電受電室、電信室、電梯安全梯、梯廳及防空避難室等５項,鋼筋混凝土造,108年3月25日,七層,,持分移轉
RPXOMLQJQHOFFAU28CA,,2.78,停車空間,鋼筋混凝土造,108年3月25日,七層,,持分移轉
RPRNMLKMPHOFFAU17CA,25,81.98,住家用,鋼筋混凝土造,83年7月8日,六層,一層 平台,全筆移轉
RPRNMLKMPHOFFAU17CA,25,28.41,共有部份,鋼筋混凝土造,83年7月8日,六層,,持分移轉
RPOPMLQLPHOFFAU57CA,27,50.35,住家用,鋼筋混凝土造,81年11月17日,六層,三層 陽台,全筆移轉
RPOPMLQLPHOFFAU57CA,27,11.48,停車空間,鋼筋混凝土造,81年11月17日,六層,,持分移轉
RPOPMLQLPHOFFAU57CA,27,10.00,共有部份,鋼筋混凝土造,81年11月17日,六層,,持分移轉
RPROMLTKPHOFFAU97CA,31,46.13,住家用,鋼筋混凝土造,77年2月8日,六層,五層 陽台,全筆移轉
RPROMLTKPHOFFAU97CA,31,13.44,共有部份,鋼筋混凝土造,77年2月8日,六層,,持分移轉
RPXOMLSKPHOFFAU48CA,,35.39,集合住宅,鋼筋混凝土造,108年3月25日,七層,六層 陽台,全筆移轉
RPXOMLSKPHOFFAU48CA,,16.49,本共有部分之項目有台電受電室、電信室、電梯安全梯、梯廳及防空避難室等５項,鋼筋混凝土造,108年3月25日,七層,,持分移轉
RPXOMLSKPHOFFAU48CA,,2.78,停車空間,鋼筋混凝土造,108年3月25日,七層,,持分移轉
RPOQMLSKPHOFFAU77CA,,225.90,住家用,鋼筋混凝土造,108年1月19日,三層,一層 二層 三層 陽台 屋頂突出物,全筆移轉
RPPNMLTKPHOFFAU67CA,38,81.46,住家用,鋼筋混凝土加強磚造,70年10月12日,二層,一層 二層,全筆移轉
RPRNMLRKPHOFFBU77CA,23,257.06,住商用,鋼筋混凝土造,85年8月16日,四層,一層 二層 三層 四層 陽台 屋頂突出物 騎樓,全筆移轉
RPQOMLSKPHOFFAU77CA,1,47.01,集合住宅,鋼筋混凝土造,107年4月27日,十二層,四層 陽台,全筆移轉
RPQOMLSKPHOFFAU77CA,1,14.54,共有部份,鋼筋混凝土造,107年4月27日,十二層,,持分移轉
RPQOMLSKPHOFFAU77CA,1,10.72,本共有部份之項目有防空避難室兼停車空間、機電設備、騎樓、Ｆ梯安全梯、一樓梯廳、一樓門廳、管委會使用空間、車道、Ｃ棟垃圾處理區等９項。,鋼筋混凝土造,107年4月27日,十二層,,持分移轉
RPOOMLRKPHOFFAU47CA,23,108.62,住家用,鋼筋混凝土造,85年2月16日,十五層,十一層 陽台,全筆移轉
RPOOMLRKPHOFFAU47CA,23,28.37,共有部份,鋼筋混凝土造,85年2月16日,十五層,,持分移轉
RPOOMLRKPHOFFAU47CA,23,14.51,共有部份,鋼筋混凝土造,85年2月16日,十五層,,持分移轉
RPVNMLMLPHOFFAU67CA,38,81.60,住家用,鋼筋混凝土加強磚造,69年12月23日,二層,一層 二層,全筆移轉
RPQOMLMLPHOFFAU27CA,22,73.54,住家用,鋼筋混凝土造,86年1月6日,七層,六層 陽台,全筆移轉
RPQOMLMLPHOFFAU27CA,22,16.70,共有部份,鋼筋混凝土造,86年1月6日,七層,,持分移轉
RPQOMLMLPHOFFAU27CA,22,11.57,共有部份,鋼筋混凝土造,86年1月6日,七層,,持分移轉
RPPPMLTKPHOFFAU87CA,20,113.78,住家用,鋼筋混凝土造,88年5月20日,五層,四層 五層 陽台 見其他登記事項,全筆移轉
RPPPMLTKPHOFFAU87CA,20,13.40,停車空間,鋼筋混凝土造,88年5月20日,五層,,持分移轉
RPPPMLTKPHOFFAU87CA,20,25.67,共有部份,鋼筋混凝土造,88年5月20日,五層,,持分移轉
RPWPMLOLPHOFFAU18CA,47,89.44,住家用,見其他登記事項,61年1月1日,一層,一層 見其他登記事項,全筆移轉
RPRNMLOLPHOFFBU57CA,38,125.55,住商用,鋼筋混凝土造,70年8月30日,二層,一層 二層 騎樓,全筆移轉
RPPNMLKMPHOFFAU96CA,33,78.12,住家用,鋼筋混凝土加強磚造,75年2月24日,二層,一層 二層 屋頂突出物,全筆移轉
RPRPMLPLPHOFFAU77CA,13,404.56,補習班,鋼筋混凝土造,95年8月24日,四層,一層 二層 三層 四層 陽台 騎樓 見其他登記事項,全筆移轉
RPROMLMLPHOFFAU37CA,1,26.30,集合住宅,鋼筋混凝土造,107年3月22日,五層,三層 陽台,全筆移轉
RPROMLMLPHOFFAU37CA,1,18.62,共有部份,鋼筋混凝土造,107年3月22日,五層,,持分移轉
RPPOMLPLPHOFFAU47CA,25,70.54,住家用,鋼筋混凝土造,83年4月14日,六層,六層 陽台 屋頂突出物,全筆移轉
RPPOMLPLPHOFFAU47CA,25,1.67,共有部份,鋼筋混凝土造,83年4月14日,六層,,持分移轉
RPOOMLNLPHOFFAU17CA,16,274.54,住家用,鋼筋混凝土造,92年5月16日,四層,一層 二層 三層 四層 陽台 見其他登記事項,全筆移轉
RPSPMLMLPHOFFAU57CA,3,336.79,住家用,鋼筋混凝土造,105年1月6日,二層,一層 二層 陽台 夾層,全筆移轉
RPQOMLNLPHOFFAU37CA,20,72.42,住家用,鋼筋混凝土造,87年12月14日,七層,四層 陽台,全筆移轉
RPQOMLNLPHOFFAU37CA,20,27.47,共有部份,鋼筋混凝土造,87年12月14日,七層,,持分移轉
RPUPMLMLPHOFFAU77CA,40,102.18,住商用,鋼筋混凝土加強磚造,68年1月16日,二層,一層 二層 騎樓,全筆移轉
RPVNMLOLPHOFFAU87CA,,35.39,集合住宅,鋼筋混凝土造,108年3月25日,七層,五層 陽台,全筆移轉
RPVNMLOLPHOFFAU87CA,,16.49,本共有部分之項目有台電受電室、電信室、電梯安全梯、梯廳及防空避難室等５項,鋼筋混凝土造,108年3月25日,七層,,持分移轉
RPVNMLOLPHOFFAU87CA,,16.69,停車空間,鋼筋混凝土造,108年3月25日,七層,,持分移轉
RPTNMLPLPHOFFAU77CA,27,114.30,住家用,鋼筋混凝土造,81年7月6日,二層,一層 二層 陽台 屋頂突出物,全筆移轉
RPSNMLOLPHOFFAU57CA,,35.39,集合住宅,鋼筋混凝土造,108年3月25日,七層,五層 陽台,全筆移轉
RPSNMLOLPHOFFAU57CA,,16.49,本共有部分之項目有台電受電室、電信室、電梯安全梯、梯廳及防空避難室等５項,鋼筋混凝土造,108年3月25日,七層,,持分移轉
RPSNMLOLPHOFFAU57CA,,2.78,停車空間,鋼筋混凝土造,108年3月25日,七層,,持分移轉
RPRNMLOLPHOFFAU47CA,23,90.43,住家用,鋼筋混凝土造,85年2月5日,十二層,四層 陽台,全筆移轉
RPRNMLOLPHOFFAU47CA,23,15.12,共有部份,鋼筋混凝土造,85年2月5日,十二層,,持分移轉
RPRNMLOLPHOFFAU47CA,23,11.71,共有部份,鋼筋混凝土造,85年2月5日,十二層,,持分移轉
RPSPMLPLPHOFFAU87CA,13,171.85,住家用,鋼筋混凝土造,95年4月11日,四層,一層 二層 三層 四層 陽台,全筆移轉
RPQPMLQJQHOFFAU67CA,,35.39,集合住宅,鋼筋混凝土造,108年3月25日,七層,四層 陽台,全筆移轉
RPQPMLQJQHOFFAU67CA,,16.49,本共有部分之項目有台電受電室、電信室、電梯安全梯、梯廳及防空避難室等５項,鋼筋混凝土造,108年3月25日,七層,,持分移轉
RPQPMLQJQHOFFAU67CA,,2.78,停車空間,鋼筋混凝土造,108年3月25日,七層,,持分移轉
RPROMLPKQHOFFAU67CA,26,87.83,住家用,鋼筋混凝土造,82年10月6日,六層,六層 陽台,全筆移轉
RPROMLPKQHOFFAU67CA,26,33.65,共有部份,鋼筋混凝土造,82年10月6日,六層,,持分移轉
RPTNMLNLPHOFFAU57CA,1,49.95,集合住宅,鋼筋混凝土造,107年4月27日,十二層,三層 陽台,全筆移轉
RPTNMLNLPHOFFAU57CA,1,46.26,本共有部份之項目有防空避難室兼停車空間、機電設備、騎樓、Ｆ梯安全梯、一樓梯廳、一樓門廳、管委會使用空間、車道、Ｃ棟垃圾處理區等９項。,鋼筋混凝土造,107年4月27日,十二層,,持分移轉
RPTNMLNLPHOFFAU57CA,1,14.75,共有部份,鋼筋混凝土造,107年4月27日,十二層,,持分移轉
RPXNMLRJQHOFFAU28CA,,35.39,集合住宅,鋼筋混凝土造,108年3月25日,七層,三層 陽台,全筆移轉
RPXNMLRJQHOFFAU28CA,,16.49,本共有部分之項目有台電受電室、電信室、電梯安全梯、梯廳及防空避難室等５項,鋼筋混凝土造,108年3月25日,七層,,持分移轉
RPXNMLRJQHOFFAU28CA,,16.69,停車空間,鋼筋混凝土造,108年3月25日,七層,,持分移轉
RPPPMLTLPHOFFAU97CA,37,78.39,住家用,鋼筋混凝土造,71年2月26日,五層,四層,全筆移轉
RPPPMLTLPHOFFAU97CA,37,164.33,共有部份,鋼筋混凝土造,71年2月26日,五層,,全筆移轉
RPTOMLLJQHOFFAU37CA,24,32.40,住家用,鋼筋混凝土造,84年1月24日,五層,一層 平台,全筆移轉
RPTOMLLJQHOFFAU37CA,24,8.59,共有部份,鋼筋混凝土造,84年1月24日,五層,,持分移轉
RPSOMLPKQHOFFAU77CA,25,103.64,住家用,鋼筋混凝土造,83年5月6日,六層,二層 陽台 花台,全筆移轉
RPSOMLPKQHOFFAU77CA,25,50.64,共有部份,鋼筋混凝土造,83年5月6日,六層,,持分移轉
RPSNMLPLPHOFFAU67CA,25,107.64,住家用,鋼筋混凝土造,83年6月30日,十二層,八層 陽台 露台,全筆移轉
RPSNMLPLPHOFFAU67CA,25,13.83,共有部份,鋼筋混凝土造,83年6月30日,十二層,,持分移轉
RPSNMLPLPHOFFAU67CA,25,24.73,共有部份,鋼筋混凝土造,83年6月30日,十二層,,持分移轉
RPUPMLOLPHOFFAU97CA,14,159.40,住家用,鋼筋混凝土造,94年5月16日,三層,一層 二層 三層 陽台,全筆移轉
RPQPMLOLPHOFFAU57CA,20,102.98,住家用,鋼筋混凝土造,88年5月20日,五層,二層 三層 陽台 平台 雨遮,全筆移轉
RPQPMLOLPHOFFAU57CA,20,13.40,停車空間,鋼筋混凝土造,88年5月20日,五層,,持分移轉
RPQPMLOLPHOFFAU57CA,20,22.58,共有部份,鋼筋混凝土造,88年5月20日,五層,,持分移轉
RPTQMLOLPHOFFAU97CA,23,107.58,住家用,鋼筋混凝土造,85年2月16日,十五層,三層 陽台,全筆移轉
RPTQMLOLPHOFFAU97CA,23,28.37,共有部份,鋼筋混凝土造,85年2月16日,十五層,,持分移轉
RPVPMLOLPHOFFAU08CA,8,110.94,集合住宅,鋼筋混凝土造,100年1月21日,十二層,三層 陽台,全筆移轉
RPVPMLOLPHOFFAU08CA,8,50.01,共有部份,鋼筋混凝土造,100年1月21日,十二層,,持分移轉
RPUNMLOLPHOFFAU77CA,,35.39,集合住宅,鋼筋混凝土造,108年3月25日,七層,七層 陽台,全筆移轉
RPUNMLOLPHOFFAU77CA,,16.49,本共有部分之項目有台電受電室、電信室、電梯安全梯、梯廳及防空避難室等５項,鋼筋混凝土造,108年3月25日,七層,,持分移轉
RPUNMLOLPHOFFAU77CA,,2.78,停車空間,鋼筋混凝土造,108年3月25日,七層,,持分移轉
RPXNMLOLPHOFFAU08CA,23,26.69,住家用,鋼筋混凝土造,85年2月2日,十層,四層 陽台,全筆移轉
RPXNMLOLPHOFFAU08CA,23,3.61,共有部份,鋼筋混凝土造,85年2月2日,十層,,持分移轉
RPXNMLOLPHOFFAU08CA,23,7.42,共有部份,鋼筋混凝土造,85年2月2日,十層,,持分移轉
RPPNMLTLPHOFFCU97CA,38,66.12,住家用,鐵筋水泥磚蓋瓦,70年8月31日,一層,一層,全筆移轉
RPSOMLQJQHOFFAU77CA,23,55.68,住家用,鋼筋混凝土造,85年5月17日,六層,五層 陽台 花台,全筆移轉
RPSOMLQJQHOFFAU77CA,23,14.22,共有部份,鋼筋混凝土造,85年5月17日,六層,,持分移轉
RPQNMLTLPHOFFCU08CA,38,66.12,住家用,鐵筋水泥磚蓋瓦,70年8月31日,一層,一層,全筆移轉
RPPOMLQLPHOFFAU57CA,25,40.19,住家用,鋼筋混凝土造,83年8月11日,八層,四層,全筆移轉
RPVNMLTLPHOFFAU38CA,1,77.92,集合住宅,鋼筋混凝土造,107年4月16日,五層,二層 陽台,全筆移轉
RPVNMLTLPHOFFAU38CA,1,47.38,本共有部分之項目有安全梯、電梯、一般樓梯、梯廳、停車空間、管委會空間及屋頂突出物一、二層等７項。,鋼筋混凝土造,107年4月16日,五層,,持分移轉
RPPOMLQLPHOFFAU57CA,25,21.29,共有部份,鋼筋混凝土造,83年8月11日,八層,,持分移轉
RPXOMLKMPHOFFAU87CA,23,178.04,住家用,鋼筋混凝土造,85年8月24日,七層,四層 陽台,全筆移轉
RPXOMLKMPHOFFAU87CA,23,6.21,共有部份,鋼筋混凝土造,85年8月24日,七層,,持分移轉
RPXOMLKMPHOFFAU87CA,23,63.69,共有部份,鋼筋混凝土造,85年8月24日,七層,,持分移轉
RPSOMLLLQHOFFAU47CA,24,10.31,共有部份,鋼筋混凝土造,84年6月28日,六層,,持分移轉
RPSOMLLLQHOFFAU47CA,24,42.77,住家用,鋼筋混凝土造,84年6月28日,六層,五層 陽台,全筆移轉
RPUOMLKMPHOFFAU57CA,,35.39,集合住宅,鋼筋混凝土造,108年3月25日,七層,三層 陽台,全筆移轉
RPUOMLKMPHOFFAU57CA,,16.49,本共有部分之項目有台電受電室、電信室、電梯安全梯、梯廳及防空避難室等５項,鋼筋混凝土造,108年3月25日,七層,,持分移轉
RPUOMLKMPHOFFAU57CA,,2.78,停車空間,鋼筋混凝土造,108年3月25日,七層,,持分移轉
RPQOMLQJQHOFFAU57CA,,35.39,集合住宅,鋼筋混凝土造,108年3月25日,七層,四層 陽台,全筆移轉
RPQOMLQJQHOFFAU57CA,,16.49,本共有部分之項目有台電受電室、電信室、電梯安全梯、梯廳及防空避難室等５項,鋼筋混凝土造,108年3月25日,七層,,持分移轉
RPQOMLQJQHOFFAU57CA,,2.78,停車空間,鋼筋混凝土造,108年3月25日,七層,,持分移轉
RPQNMLTLPHOFFAU87CA,37,112.48,住家用,鋼筋混凝土加強磚造,71年6月1日,二層,一層 二層,全筆移轉
RPQNMLMJQHOFFAU07CA,25,30.06,住家用,鋼筋混凝土造,83年8月22日,五層,三層,全筆移轉
RPQNMLMJQHOFFAU07CA,25,6.11,共有部份,鋼筋混凝土造,83年8月22日,五層,,持分移轉
RPVOMLMKQHOFFAU77CA,37,107.00,住家用,鋼筋混凝土造,70年12月14日,五層,二層,全筆移轉
RPVOMLMKQHOFFAU77CA,37,22.03,共有部份,鋼筋混凝土造,70年12月14日,五層,,持分移轉
RPRPMLQJQHOFFAU77CA,,35.39,集合住宅,鋼筋混凝土造,108年3月25日,七層,三層 陽台,全筆移轉
RPRPMLQJQHOFFAU77CA,,16.49,本共有部分之項目有台電受電室、電信室、電梯安全梯、梯廳及防空避難室等５項,鋼筋混凝土造,108年3月25日,七層,,持分移轉
RPRPMLQJQHOFFAU77CA,,2.78,停車空間,鋼筋混凝土造,108年3月25日,七層,,持分移轉
RPQOMLLMPHOFFAU27CA,3,417.87,住家用,鋼筋混凝土造,105年6月30日,四層,一層 二層 三層 四層 陽台 屋頂突出物 騎樓,全筆移轉
RPSOMLKMPHOFFAU37CA,,35.39,集合住宅,鋼筋混凝土造,108年3月25日,七層,六層 陽台,全筆移轉
RPSOMLKMPHOFFAU37CA,,16.49,本共有部分之項目有台電受電室、電信室、電梯安全梯、梯廳及防空避難室等５項,鋼筋混凝土造,108年3月25日,七層,,持分移轉
RPSOMLKMPHOFFAU37CA,,2.78,停車空間,鋼筋混凝土造,108年3月25日,七層,,持分移轉
RPTOMLKMPHOFFAU47CA,,35.39,集合住宅,鋼筋混凝土造,108年3月25日,七層,六層 陽台,全筆移轉
RPTOMLKMPHOFFAU47CA,,16.49,本共有部分之項目有台電受電室、電信室、電梯安全梯、梯廳及防空避難室等５項,鋼筋混凝土造,108年3月25日,七層,,持分移轉
RPTOMLKMPHOFFAU47CA,,2.78,停車空間,鋼筋混凝土造,108年3月25日,七層,,持分移轉
RPPNMLLMPHOFFBU17CA,41,126.78,住商用,鋼筋混凝土加強磚造,67年3月15日,二層,一層 二層 騎樓,全筆移轉
RPPNMLLMPHOFFBU17CA,42,122.06,住商用,鋼筋混凝土加強磚造,66年7月2日,二層,一層 二層 騎樓,全筆移轉
RPPNMLLMPHOFFBU17CA,42,122.06,住商用,鋼筋混凝土加強磚造,66年7月2日,二層,一層 二層 騎樓,全筆移轉
RPPNMLLMPHOFFBU17CA,42,122.06,住商用,鋼筋混凝土加強磚造,66年7月2日,二層,一層 二層 騎樓,全筆移轉
RPPNMLLMPHOFFBU17CA,42,122.06,住商用,鋼筋混凝土加強磚造,66年7月2日,二層,一層 二層 騎樓,全筆移轉
RPPNMLLMPHOFFBU17CA,42,183.88,住商用,鋼筋混凝土加強磚造,66年7月2日,二層,一層 二層 騎樓,全筆移轉
RPSNMLQLQHOFFAU87CA,34,96.98,住商用,鋼筋混凝土加強磚造,74年3月9日,二層,一層 二層 騎樓,全筆移轉
RPOOMLQJQHOFFAU37CA,40,152.98,住商用,鋼筋混凝土造,68年11月20日,二層,一層 二層 屋頂突出物 騎樓,全筆移轉
RPROMLLJQHOFFAU17CA,1,53.39,集合住宅,鋼筋混凝土造,107年4月27日,十二層,十二層 陽台,全筆移轉
RPROMLLJQHOFFAU17CA,1,12.17,本共有部份之項目有防空避難室兼停車空間、機電設備、騎樓、Ｆ梯安全梯、一樓梯廳、一樓門廳、管委會使用空間、車道、Ｃ棟垃圾處理區等９項。,鋼筋混凝土造,107年4月27日,十二層,,持分移轉
RPROMLLJQHOFFAU17CA,1,16.50,共有部份,鋼筋混凝土造,107年4月27日,十二層,,持分移轉
RPPNMLTLQHOFFCU08CA,49,27.00,庫房,ＲＣ加強磚木造,59年9月25日,一層,一層,全筆移轉
RPPOMLQJQHOFFAU47CA,,35.39,集合住宅,鋼筋混凝土造,108年3月25日,七層,七層 陽台,全筆移轉
RPPOMLQJQHOFFAU47CA,,16.49,本共有部分之項目有台電受電室、電信室、電梯安全梯、梯廳及防空避難室等５項,鋼筋混凝土造,108年3月25日,七層,,持分移轉
RPPOMLQJQHOFFAU47CA,,2.78,停車空間,鋼筋混凝土造,108年3月25日,七層,,持分移轉
RPQOMLLJQHOFFAU07CA,39,73.42,住家用,鋼筋混凝土加強磚造,69年7月14日,二層,一層 二層,全筆移轉
RPUOMLLJQHOFFAU47CA,46,181.72,住家用,鋼筋混凝土加強磚造,62年4月11日,二層,一層 二層 騎樓,全筆移轉
RPOQMLLLQHOFFAU27CA,14,186.52,住家用,鋼筋混凝土造,94年11月10日,三層,一層 二層 三層 陽台,全筆移轉
RPUNMLTJQHOFFAU18CA,18,58.87,農舍,鋼筋混凝土造,90年3月13日,二層,一層 二層 陽台,持分移轉
RPPNMLTJQHOFFAU67CA,27,50.72,住家用,鋼筋混凝土造,81年10月9日,十二層,七層,全筆移轉
RPXNMLMKQHOFFAU87CA,25,74.08,住家用,鋼筋混凝土造,83年10月28日,十四層,十層 陽台,全筆移轉
RPPNMLTJQHOFFAU67CA,27,21.95,共有部份,鋼筋混凝土造,81年10月9日,十二層,,持分移轉
RPXNMLMKQHOFFAU87CA,25,22.04,共有部份,鋼筋混凝土造,83年10月28日,十四層,,持分移轉
RPQOMLPJQHOFFAU47CA,7,179.54,集合住宅,鋼筋混凝土造,100年12月29日,三層,一層 二層 三層 陽台 屋頂突出物,全筆移轉
RPVNMLPJQHOFFAU87CA,32,71.72,住家用,鋼筋混凝土造,76年8月12日,二層,一層 二層 陽台,全筆移轉
RPSNMLRJQHOFFAU77CA,38,92.49,住家用,鋼筋混凝土造,70年8月31日,四層,四層 屋頂突出物,全筆移轉
RPSNMLRJQHOFFAU77CA,38,9.00,共有部份,鋼筋混凝土造,70年8月31日,四層,,持分移轉
RPQNMLRJQHOFFAU57CA,38,162.48,住工用,鋼筋混凝土造,70年1月14日,二層,一層 二層 防空避難室 騎樓,全筆移轉
RPROMLRJQHOFFAU77CA,43,92.62,住商用,鋼筋混凝土加強磚造,65年12月2日,二層,一層 二層 騎樓,全筆移轉
RPUOMLMKQHOFFAU67CA,31,59.83,住家用,鋼筋混凝土造,77年10月12日,五層,五層 陽台,全筆移轉
RPUOMLMKQHOFFAU67CA,31,4.84,共有部份,鋼筋混凝土造,77年10月12日,五層,,持分移轉
RPUOMLMKQHOFFAU67CA,31,.47,共有部份,鋼筋混凝土造,77年10月12日,五層,,持分移轉
RPUOMLMKQHOFFAU67CA,31,6.74,避難室,鋼筋混凝土造,77年10月12日,五層,電梯樓梯間 地下層,持分移轉
RPTNMLLMQHOFFAU57CA,6,312.20,住家用,鋼筋混凝土造,102年5月9日,三層,一層 二層 三層 陽台 屋頂突出物 見其他登記事項,全筆移轉
RPSOMLMJRHOFFAU47CA,35,158.34,住家用,鋼筋混凝土加強磚造,73年1月26日,二層,一層 二層 屋頂突出物,全筆移轉
RPOOMLKLNHOFFAU66CA,,94.86,住商用,鋼筋混凝土加強磚造,,,,全筆移轉
RPRPMLMLNHOFFAU27CA,43,78.95,住家用,鋼筋混凝土加強磚造,65年9月30日,二層,一層 二層,全筆移轉
RPPNMLMLNHOFFAU86CA,38,78.12,住家用,鋼筋混凝土加強磚造,70年5月19日,二層,一層 二層,全筆移轉
RPSNMLLLNHOFFAU07CA,1,170.68,住家用,鋼筋混凝土造,107年10月29日,三層,一層 二層 三層 陽台,全筆移轉
RPUNMLPJOHOFFAU57CA,38,95.00,住家用,鋼筋混凝土加強磚造,70年4月9日,二層,一層 二層,全筆移轉
RPPPMLNLNHOFFAU17CA,26,102.64,住家用,鋼筋混凝土造,82年10月15日,六層,五層 見其他登記事項,全筆移轉
RPPPMLNLNHOFFAU17CA,26,39.36,共有部份,鋼筋混凝土造,82年10月15日,六層,,持分移轉
RPPNMLPLNHOFFAU17CA,24,24.66,住家用,鋼筋混凝土造,84年8月19日,十一層,五層 花台,全筆移轉
RPPNMLPLNHOFFAU17CA,24,8.60,共有部份,鋼筋混凝土造,84年8月19日,十一層,,持分移轉
RPPOMLOLNHOFFAU17CA,2,233.36,住家用,鋼筋混凝土造,105年11月30日,四層,一層 二層 三層 四層 陽台,全筆移轉
RPROMLLKOHOFFAU07CA,23,39.61,住家用,鋼筋混凝土造,85年3月9日,七層,五層 陽台,全筆移轉
RPROMLLKOHOFFAU07CA,23,15.94,共有部份,鋼筋混凝土造,85年3月9日,七層,,持分移轉
RPOQMLTKOHOFFAU77CA,33,24.20,住家用,鋼筋混凝土造,75年7月12日,五層,四層 陽台,全筆移轉
RPOQMLTKOHOFFAU77CA,33,5.59,共有部份,鋼筋混凝土造,75年7月12日,五層,,持分移轉
RPRNMLRLNHOFFAU57CA,25,41.16,住家用,鋼筋混凝土造,83年7月29日,九層,六層,全筆移轉
RPRNMLRLNHOFFAU57CA,25,15.98,共有部份,鋼筋混凝土造,83年7月29日,九層,,持分移轉
RPRNMLPLNHOFFAU37CA,25,76.10,住家用,鋼筋混凝土造,83年4月14日,六層,四層 陽台 花台,全筆移轉
RPRNMLPLNHOFFAU37CA,25,23.36,共有部份,鋼筋混凝土造,83年4月14日,六層,,持分移轉
RPQNMLOJOHOFFCU27CA,37,88.32,住家用,鋼筋混凝土加強磚造,71年3月27日,二層,一層 二層,全筆移轉
RPROMLSLNHOFFAU77CA,2,304.76,住家用,鋼筋混凝土造,106年6月20日,四層,一層 二層 三層 四層 陽台,全筆移轉
RPROMLKMNHOFFAU07CA,9,260.17,住家用,鋼筋混凝土造,98年12月11日,三層,一層 二層 三層 陽台 屋頂突出物 雨遮,全筆移轉
RPTOMLKMNHOFFAU27CA,19,19.51,住家用,鋼筋混凝土造,88年11月25日,六層,一層 平台,全筆移轉
RPTOMLKMNHOFFAU27CA,19,16.38,共有部份,鋼筋混凝土造,88年11月25日,六層,,持分移轉
RPQQMLTKOHOFFAU97CA,18,39.78,住家用,鋼筋混凝土造,89年11月9日,五層,四層 陽台 雨遮,全筆移轉
RPQQMLTKOHOFFAU97CA,18,10.78,共有部份,鋼筋混凝土造,89年11月9日,五層,,持分移轉
RPOOMLKMNHOFFAU76CA,21,209.47,住家用,鋼筋混凝土造,87年6月8日,三層,一層 二層 三層 陽台 見其他登記事項,全筆移轉
RPPNMLPJOHOFFCU27CA,20,97.14,住家用,鋼筋混凝土造,88年11月3日,一層,一層,全筆移轉
RPUOMLLMNHOFFAU47CA,34,96.80,住家用,鋼筋混凝土造,74年10月18日,二層,一層 二層 陽台,全筆移轉
RPVOMLLMNHOFFAU57CA,24,119.66,住家用,鋼筋混凝土造,84年3月30日,十層,四層 陽台,全筆移轉
RPVOMLLMNHOFFAU57CA,24,19.00,共有部份,鋼筋混凝土造,84年3月30日,十層,,持分移轉
RPVOMLLMNHOFFAU57CA,24,5.01,共有部份,鋼筋混凝土造,84年3月30日,十層,,持分移轉
RPRNMLKMNHOFFAU96CA,25,54.61,住家用,鋼筋混凝土造,83年10月28日,十四層,六層 陽台 花台,全筆移轉
RPRNMLKMNHOFFAU96CA,25,14.99,共有部份,鋼筋混凝土造,83年10月28日,十四層,,持分移轉
RPQNMLKMNHOFFAU86CA,23,62.04,住家用,鋼筋混凝土造,85年7月26日,五層,三層 陽台,全筆移轉
RPQNMLKMNHOFFAU86CA,23,9.41,共有部份,鋼筋混凝土造,85年7月26日,五層,,持分移轉
RPWNMLTLNHOFFAU28CA,41,99.21,住商用,鋼筋混凝土加強磚造,67年3月25日,二層,一層 二層 騎樓,全筆移轉
RPXNMLPJOHOFFAU87CA,39,101.54,住商用,鋼筋混凝土加強磚造,68年12月8日,二層,一層 二層 騎樓,全筆移轉
RPRNMLLMNHOFFAU07CA,21,.48,住家用,鋼筋混凝土造,87年10月9日,五層,一層 陽台,持分移轉
RPRNMLLMNHOFFAU07CA,21,16.11,共有部份,鋼筋混凝土造,87年10月9日,五層,,持分移轉
RPRNMLLMNHOFFAU07CA,21,96.85,住家用,鋼筋混凝土造,87年10月9日,五層,三層 陽台,全筆移轉
RPRNMLLMNHOFFAU07CA,21,31.79,共有部份,鋼筋混凝土造,87年10月9日,五層,,持分移轉
RPRNMLLMNHOFFAU07CA,21,.08,共有部份,鋼筋混凝土造,87年10月9日,五層,,持分移轉
RPRNMLLMNHOFFAU07CA,21,.15,共有部份,鋼筋混凝土造,87年10月9日,五層,,持分移轉
RPVNMLNJOHOFFAU47CA,26,64.82,住家用,鋼筋混凝土造,82年10月29日,十層,七層 陽台,全筆移轉
RPVNMLNJOHOFFAU47CA,26,20.46,共有部份,鋼筋混凝土造,82年10月29日,十層,,持分移轉
RPWNMLOKOHOFFAU77CA,24,125.85,住商用,鋼筋混凝土造,84年1月14日,七層,一層 二層 陽台 花台,全筆移轉
RPWNMLOKOHOFFAU77CA,24,36.31,共有部份,鋼筋混凝土造,84年1月14日,七層,,持分移轉
RPUOMLOJOHOFFAU57CA,,63.44,集合住宅,鋼筋混凝土造、磚造,108年2月20日,五層,三層 陽台,全筆移轉
RPUOMLOJOHOFFAU57CA,,28.26,共有部份,鋼筋混凝土造、磚造,108年2月20日,五層,,持分移轉
RPPPMLLMNHOFFAU07CA,24,67.42,集合住宅,鋼筋混凝土造,84年11月4日,十層,四層 陽台,全筆移轉
RPPPMLLMNHOFFAU07CA,24,10.36,共有部份,鋼筋混凝土造,84年11月4日,十層,,持分移轉
RPPPMLLMNHOFFAU07CA,24,15.11,共有部份,鋼筋混凝土造,84年11月4日,十層,,持分移轉
RPPOMLLMNHOFFAU96CA,38,100.77,住家用,鋼筋混凝土造,70年5月9日,四層,四層 屋頂突出物,全筆移轉
RPPOMLLMNHOFFAU96CA,38,54.32,共有部份,鋼筋混凝土造,70年5月9日,四層,,全筆移轉
RPUNMLNJOHOFFAU37CA,,60.17,住商用,木造,,一層,一層 騎樓,全筆移轉
RPSOMLRLOHOFFAU87CA,23,35.39,商業用,鋼筋混凝土造,85年1月4日,六層,三層 陽台,全筆移轉
RPSOMLRLOHOFFAU87CA,23,13.40,共有部份,鋼筋混凝土造,85年1月4日,六層,,持分移轉
RPPNMLOJOHOFFBU07CA,38,166.51,住家用,加強磚造,70年9月15日,二層,一層 二層 陽台 屋頂突出物 騎樓,全筆移轉
RPWNMLLMNHOFFAU57CA,20,102.98,住家用,鋼筋混凝土造,88年5月20日,四層,一層 二層 陽台 平台 雨遮,全筆移轉
RPWNMLLMNHOFFAU57CA,20,16.52,共有部份,鋼筋混凝土造,88年5月20日,四層,,持分移轉
RPWNMLLMNHOFFAU57CA,20,14.25,停車空間,鋼筋混凝土造,88年5月20日,四層,,持分移轉
RPRNMLPJOHOFFBU37CA,,50.15,住家用,磚木造,,一層,一層 騎樓,持分移轉
RPWNMLLMNHOFFAU57CA,20,18.48,共有部份,鋼筋混凝土造,88年5月20日,四層,,持分移轉
RPQNMLRKOHOFFAU47CA,16,111.42,住家用,鋼筋混凝土造,91年12月2日,十三層,十層 陽台,全筆移轉
RPQNMLRKOHOFFAU47CA,16,63.77,共有部份,鋼筋混凝土造,91年12月2日,十三層,,持分移轉
RPUQMLMKOHOFFAU67CA,,73.12,集合住宅,鋼筋混凝土造,108年3月26日,七層,五層 陽台,全筆移轉
RPUQMLMKOHOFFAU67CA,,28.00,本共有部分之項目有停車空間、機電設備空間、樓梯間、電梯間及升降設備機房等５項,鋼筋混凝土造,108年3月26日,七層,,持分移轉
RPVQMLMKOHOFFAU77CA,,74.06,集合住宅,鋼筋混凝土造,108年3月26日,七層,五層 陽台,全筆移轉
RPVQMLMKOHOFFAU77CA,,28.40,本共有部分之項目有停車空間、機電設備空間、樓梯間、電梯間及升降設備機房等５項,鋼筋混凝土造,108年3月26日,七層,,持分移轉
RPVQMLMKOHOFFAU77CA,,13.75,共有部份（停車空間）,鋼筋混凝土造,108年3月26日,七層,,持分移轉
RPXNMLNJOHOFFAU67CA,43,22.14,商業用,木造,65年7月24日,一層,一層,全筆移轉
RPXPMLNKOHOFFAU97CA,26,136.73,住家用,鋼筋混凝土造,82年10月29日,三層,一層 二層 三層 陽台,全筆移轉
RPWQMLMKOHOFFAU87CA,,73.12,集合住宅,鋼筋混凝土造,108年3月26日,七層,六層 陽台,全筆移轉
RPWQMLMKOHOFFAU87CA,,28.00,本共有部分之項目有停車空間、機電設備空間、樓梯間、電梯間及升降設備機房等５項,鋼筋混凝土造,108年3月26日,七層,,持分移轉
RPRPMLOJOHOFFAU37CA,39,115.70,住家用,鋼筋混凝土加強磚造,68年12月4日,二層,一層 二層,全筆移轉
RPTOMLOJOHOFFAU47CA,24,24.66,住家用,鋼筋混凝土造,84年8月19日,十一層,五層 花台,全筆移轉
RPTOMLOJOHOFFAU47CA,24,8.60,共有部份,鋼筋混凝土造,84年8月19日,十一層,,持分移轉
RPVNMLOKOHOFFAU67CA,25,23.32,住家用,鋼筋混凝土造,83年10月7日,九層,四層,全筆移轉
RPVNMLOKOHOFFAU67CA,25,11.28,共有部份,鋼筋混凝土造,83年10月7日,九層,,持分移轉
RPTNMLPJOHOFFCU67CA,40,97.43,住家用,鋼筋混凝土造,68年3月10日,二層,一層 二層,全筆移轉
RPQOMLMJPHOFFAU07CA,,4.42,住家用,蓋瓦木造,,一層,一層,持分移轉
RPOOMLPJPHOFFAU17CA,1,302.78,住家用,鋼筋混凝土造,107年5月16日,四層,一層 二層 三層 四層 陽台 屋頂突出物 見其他登記事項,全筆移轉
RPPNMLPLOHOFFCU57DA,73,42.35,商業用,木造,35年1月1日,一層,一層,全筆移轉
RPSNMLRKOHOFFAU67CA,21,244.80,住家用,鋼筋混凝土造,87年10月2日,三層,一層 二層 三層 陽台 屋頂突出物 車庫,全筆移轉
RPSOMLMJPHOFFAU27CA,33,20.18,辦公室,鋼筋混凝土造,75年5月31日,九層,三層,全筆移轉
RPSOMLMJPHOFFAU27CA,33,2.19,共有部份,鋼筋混凝土造,75年5月31日,九層,,持分移轉
RPUOMLMKOHOFFAU47CA,,63.44,集合住宅,鋼筋混凝土造、磚造,108年2月20日,五層,四層 陽台,全筆移轉
RPUOMLMKOHOFFAU47CA,,28.26,共有部份,鋼筋混凝土造、磚造,108年2月20日,五層,,持分移轉
RPTOMLQJOHOFFAU67CA,2,264.63,住家用,鋼筋混凝土造,106年2月2日,四層,一層 二層 三層 四層 陽台,全筆移轉
RPVNMLKKOHOFFAU27CA,6,164.93,住家用,鋼筋混凝土造,101年12月14日,二層,一層 二層 陽台 屋頂突出物,全筆移轉
RPQOMLKKOHOFFAU86CA,22,107.96,住家用,鋼筋混凝土造,86年7月18日,十二層,七層 陽台,全筆移轉
RPQOMLKKOHOFFAU86CA,22,28.95,共有部份,鋼筋混凝土造,86年7月18日,十二層,,持分移轉
RPQOMLKKOHOFFAU86CA,22,43.91,共有部份,鋼筋混凝土造,86年7月18日,十二層,,持分移轉
RPOPMLMKOHOFFAU96CA,47,99.93,住家用,鋼筋混凝土加強磚造,61年3月28日,二層,一層 二層,全筆移轉
RPSOMLQJOHOFFAU57CA,1,47.01,集合住宅,鋼筋混凝土造,107年4月27日,十二層,十二層 陽台,全筆移轉
RPSOMLQJOHOFFAU57CA,1,10.72,本共有部份之項目有防空避難室兼停車空間、機電設備、騎樓、Ｆ梯安全梯、一樓梯廳、一樓門廳、管委會使用空間、車道、Ｃ棟垃圾處理區等９項。,鋼筋混凝土造,107年4月27日,十二層,,持分移轉
RPSOMLQJOHOFFAU57CA,1,14.54,共有部份,鋼筋混凝土造,107年4月27日,十二層,,持分移轉
RPPPMLMKOHOFFAU07CA,38,131.28,住商用,鋼筋混凝土加強磚造,70年9月14日,二層,一層 二層 騎樓,全筆移轉
RPTOMLMKOHOFFAU37CA,,63.44,集合住宅,鋼筋混凝土造、磚造,108年2月20日,五層,五層 陽台,全筆移轉
RPTOMLMKOHOFFAU37CA,,28.26,共有部份,鋼筋混凝土造、磚造,108年2月20日,五層,,持分移轉
RPXOMLSLOHOFFAU48CA,16,210.90,住家用,鋼筋混凝土造,92年10月23日,三層,一層 二層 三層 陽台 屋頂突出物 雨遮 夾層,全筆移轉
RPQOMLSJQHOFFAU77CA,15,184.74,住家用,鋼筋混凝土造,92年12月24日,三層,一層 二層 三層 陽台,全筆移轉
RPUNMLTJPHOFFAU28EA,31,162.56,住家用,鋼筋混凝土造,77年3月18日,二層,一層 二層 陽台 屋頂突出物,全筆移轉
RPOOMLLJPHOFFAU76CA,39,73.38,住家用,鋼筋混凝土加強磚造,69年9月17日,二層,一層 二層,全筆移轉
RPVOMLPJPHOFFAU87CA,34,84.17,住家用,鋼筋混凝土造,74年7月20日,七層,五層 陽台,全筆移轉
RPVOMLPJPHOFFAU87CA,,22.93,共有部份,鋼筋混凝土造,,七層,,持分移轉
RPXNMLLKOHOFFAU57CA,4,293.28,住家用,鋼筋混凝土造,104年4月17日,四層,一層 二層 三層 四層 陽台,全筆移轉
RPVOMLRLOHOFFAU18CA,24,76.72,住家用,鋼筋混凝土造,84年3月21日,十三層,五層 陽台,全筆移轉
RPVOMLRLOHOFFAU18CA,24,8.42,共有部份,鋼筋混凝土造,84年3月21日,十三層,,持分移轉
RPVOMLRLOHOFFAU18CA,24,9.15,共有部份,鋼筋混凝土造,84年3月21日,十三層,,持分移轉
RPVPMLMKOHOFFAU67CA,14,234.61,住家用,鋼筋混凝土造,93年12月14日,四層,一層 二層 三層 四層 陽台 屋頂突出物,全筆移轉
RPQPMLMKOHOFFAU17CA,35,10.56,共有部份,鋼筋混凝土造,73年6月2日,五層,,持分移轉
RPQPMLMKOHOFFAU17CA,35,57.31,住家用,鋼筋混凝土造,73年6月2日,五層,四層,全筆移轉
RPUNMLOKOHOFFAU57CA,13,233.46,住家用,鋼筋混凝土造,95年10月5日,四層,一層 二層 三層 四層 陽台,全筆移轉
RPRRMLNKOHOFFAU57CA,25,107.56,住家用,鋼筋混凝土造,82年12月15日,六層,六層 陽台,全筆移轉
RPRRMLNKOHOFFAU57CA,25,37.26,共有部份,鋼筋混凝土造,82年12月15日,六層,,持分移轉
RPVOMLRKOHOFFAU08CA,33,239.30,地下室、百貨商場,鋼筋混凝土造,75年7月12日,五層,地下層,全筆移轉
RPVOMLRKOHOFFAU08CA,33,63.87,共有部份,鋼筋混凝土造,75年7月12日,五層,,持分移轉
RPWNMLRKOHOFFAU08CA,25,64.98,住家用,鋼筋混凝土造,82年12月15日,七層,五層 陽台,全筆移轉
RPWNMLRKOHOFFAU08CA,25,11.35,共有部份,鋼筋混凝土造,82年12月15日,七層,,持分移轉
RPWNMLRKOHOFFAU08CA,25,10.23,共有部份,鋼筋混凝土造,82年12月15日,七層,,持分移轉
RPWNMLRKOHOFFAU08CA,25,.61,商業用,鋼筋混凝土造,82年12月15日,七層,見其他登記事項,持分移轉
RPWNMLRKOHOFFAU08CA,25,14.53,共有部份,鋼筋混凝土造,82年12月15日,七層,,持分移轉
RPXOMLRKOHOFFAU28CA,38,84.48,住家用,鋼筋混凝土加強磚造,69年12月23日,二層,一層 二層,全筆移轉
RPPNMLNKOHOFFAU96CA,42,95.89,住商用,鋼筋混凝土加強磚造,66年8月22日,二層,一層 二層 騎樓,全筆移轉
RPQNMLSJPHOFFAU57CA,28,260.77,住家用,鋼筋混凝土造,80年7月13日,三層,一層 二層 三層 陽台 見其他登記事項,全筆移轉
RPXPMLMKOHOFFAU08EA,14,230.74,住家用,鋼筋混凝土造,93年12月16日,三層,一層 二層 三層 陽台,全筆移轉
RPPOMLRKOHOFFAU47CA,34,109.86,住家用,鋼筋混凝土造,74年3月21日,二層,一層 二層,全筆移轉
RPROMLTJPHOFFAU87CA,26,101.17,住家用,鋼筋混凝土造,82年1月9日,七層,三層 陽台,全筆移轉
RPROMLTJPHOFFAU87CA,26,10.21,共有部份,鋼筋混凝土造,82年1月9日,七層,,持分移轉
RPROMLTJPHOFFAU87CA,26,11.40,共有部份,鋼筋混凝土造,82年1月9日,七層,,持分移轉
RPROMLTJPHOFFAU87CA,26,.28,商業用,鋼筋混凝土造,82年1月9日,七層,地下層,持分移轉
RPROMLTJPHOFFAU87CA,26,15.02,共有部份,鋼筋混凝土造,82年1月9日,七層,,持分移轉
RPUNMLNKOHOFFAU47CA,2,317.97,住家用,鋼筋混凝土造,106年1月4日,三層,一層 二層 三層 陽台 屋頂突出物 屋簷 見其他登記事項,全筆移轉
RPQNMLOKOHOFFAU17CA,36,81.34,住商用,鋼筋混凝土造,72年9月10日,四層,一層 二層 騎樓,全筆移轉
RPQNMLOKOHOFFAU17CA,36,8.32,共有部份,鋼筋混凝土造,72年9月10日,四層,,持分移轉
RPWPMLNKOHOFFAU87CA,25,74.44,住家用,鋼筋混凝土造,83年10月26日,九層,六層 陽台,全筆移轉
RPWPMLNKOHOFFAU87CA,25,9.60,共有部份,鋼筋混凝土造,83年10月26日,九層,,持分移轉
RPWPMLNKOHOFFAU87CA,25,22.13,共有部份,鋼筋混凝土造,83年10月26日,九層,,持分移轉
RPUQMLNKOHOFFAU77CA,36,55.08,住家用,加強磚造,72年1月1日,一層,一層,全筆移轉
RPTOMLOKOHOFFAU57CA,41,81.76,住家用,鋼筋混凝土造,67年9月6日,二層,一層 二層,全筆移轉
RPQOMLOLOHOFFAU37CA,23,60.32,住家用,鋼筋混凝土造,85年8月24日,七層,七層 陽台,全筆移轉
RPQOMLOLOHOFFAU37CA,23,6.21,共有部份,鋼筋混凝土造,85年8月24日,七層,,持分移轉
RPQOMLOLOHOFFAU37CA,23,19.78,共有部份,鋼筋混凝土造,85年8月24日,七層,,持分移轉
RPPOMLOKOHOFFAU17CA,23,123.96,住家用,鋼筋混凝土造,85年5月13日,二層,一層 二層 陽台 平台 屋頂突出物,全筆移轉
RPPOMLOLOHOFFAU27CA,20,113.78,住家用,鋼筋混凝土造,88年5月20日,四層,三層 四層 陽台 見其他登記事項,全筆移轉
RPPOMLOLOHOFFAU27CA,20,18.77,共有部份,鋼筋混凝土造,88年5月20日,四層,,持分移轉
RPPOMLOLOHOFFAU27CA,20,14.25,停車空間,鋼筋混凝土造,88年5月20日,四層,,持分移轉
RPPOMLOLOHOFFAU27CA,20,21.05,共有部份,鋼筋混凝土造,88年5月20日,四層,,持分移轉
RPXPMLKKPHOFFAU77CA,7,215.35,住家用,鋼筋混凝土造,101年11月7日,四層,一層 二層 三層 四層 陽台,全筆移轉
RPUNMLSKOHOFFAU18EA,25,48.02,住家用,鋼筋混凝土造,83年8月11日,八層,六層 陽台,全筆移轉
RPUNMLSKOHOFFAU18EA,25,20.41,共有部份,鋼筋混凝土造,83年8月11日,八層,,持分移轉
RPUOMLRLOHOFFAU08CA,38,120.23,住家用,鋼筋混凝土造,70年7月29日,二層,一層 二層 陽台,全筆移轉
RPQNMLPLOHOFFAU57EA,43,22.43,住家用,鋼筋混凝土加強空心磚造,65年6月9日,一層,一層,持分移轉
RPXNMLRKOHOFFAU18CA,16,185.39,住家用,鋼筋混凝土造,92年1月14日,三層,一層 二層 三層 陽台,全筆移轉
RPVNMLSKOHOFFAU08CA,3,266.06,住家用,鋼筋混凝土造,105年1月28日,四層,一層 二層 三層 四層 陽台 雨遮,全筆移轉
RPOOMLRKOHOFFAU37CA,25,112.41,住家用,鋼筋混凝土造,83年4月13日,十二層,十層 陽台 花台,全筆移轉
RPOOMLRKOHOFFAU37CA,25,42.98,共有部份,鋼筋混凝土造,83年4月13日,十二層,,持分移轉
RPUOMLOLOHOFFAU77CA,,74.06,集合住宅,鋼筋混凝土造,108年3月26日,七層,二層 陽台,全筆移轉
RPUOMLOLOHOFFAU77CA,,28.40,本共有部分之項目有停車空間、機電設備空間、樓梯間、電梯間及升降設備機房等５項,鋼筋混凝土造,108年3月26日,七層,,持分移轉
RPTNMLKLOHOFFAU17CA,24,67.42,住家用,鋼筋混凝土造,84年11月4日,十層,三層 陽台,全筆移轉
RPTNMLKLOHOFFAU17CA,24,11.70,共有部份,鋼筋混凝土造,84年11月4日,十層,,持分移轉
RPTNMLKLOHOFFAU17CA,24,15.11,共有部份,鋼筋混凝土造,84年11月4日,十層,,持分移轉
RPQNMLOLOHOFFAU27CA,23,107.65,住家用,鋼筋混凝土造,85年2月16日,十五層,九層 陽台,全筆移轉
RPQNMLOLOHOFFAU27CA,23,28.00,共有部份,鋼筋混凝土造,85年2月16日,十五層,,持分移轉
RPWOMLRKOHOFFAU18CA,6,238.09,住家用,鋼筋混凝土造,102年1月16日,三層,一層 二層 三層 陽台,全筆移轉
RPQOMLSKOHOFFAU67CA,3,418.57,住家用,鋼筋混凝土造,105年6月30日,四層,一層 二層 三層 四層 陽台 屋頂突出物 騎樓,全筆移轉
RPTOMLTJPHOFFAU08CA,42,37.32,住家用,空心磚造,66年9月5日,一層,一層,全筆移轉
RPTNMLTKOHOFFAU97CA,40,113.61,住商用,鋼筋混凝土加強磚造,68年6月26日,二層,一層 二層 騎樓,全筆移轉
RPPNMLQKPHOFFBU47CA,20,195.23,住家用,鋼筋混凝土造,88年1月14日,二層,一層 二層 陽台 平台 屋頂突出物,全筆移轉
RPPOMLOJPHOFFAU17CA,36,76.17,住家用,鋼筋混凝土造,72年9月10日,四層,四層,全筆移轉
RPPOMLOJPHOFFAU17CA,36,6.47,共有部份,鋼筋混凝土造,72年9月10日,四層,,持分移轉
RPRNMLTKOHOFFAU77CA,36,112.67,住家用,鋼筋混凝土造,72年11月11日,五層,一層 陽台,全筆移轉
RPRNMLTKOHOFFAU77CA,36,9.04,共有部份,鋼筋混凝土造,72年11月11日,五層,,持分移轉
RPRNMLTKOHOFFAU77CA,36,7.94,共有部份,鋼筋混凝土造,72年11月11日,五層,,持分移轉
RPUNMLTKOHOFFAU08CA,,354.02,住家用,鋼筋混凝土造,108年4月10日,五層,一層 二層 三層 四層 五層 陽台 屋頂突出物 騎樓 見其他登記事項,全筆移轉
RPQOMLTKOHOFFAU77CA,24,98.92,住家用,鋼筋混凝土造,84年4月22日,六層,五層 陽台,全筆移轉
RPQOMLTKOHOFFAU77CA,24,34.41,共有部份,鋼筋混凝土造,84年4月22日,六層,,持分移轉
RPVNMLTKOHOFFAU18CA,,357.96,住家用,鋼筋混凝土造,108年4月10日,五層,一層 二層 三層 四層 五層 陽台 屋頂突出物 騎樓 見其他登記事項,全筆移轉
RPVNMLKLOHOFFAU37CA,22,188.90,住家用,鋼筋混凝土造,86年5月24日,三層,一層 二層 三層 陽台,全筆移轉
RPOOMLTKOHOFFAU57CA,20,95.45,住家用,鋼筋混凝土造,88年4月14日,五層,四層 陽台 雨遮,全筆移轉
RPOOMLTKOHOFFAU57CA,20,10.45,共有部份,鋼筋混凝土造,88年4月14日,五層,,持分移轉
RPOOMLTKOHOFFAU57CA,20,6.75,共有部份,鋼筋混凝土造,88年4月14日,五層,,持分移轉
RPVPMLTKOHOFFAU38CA,,74.06,集合住宅,鋼筋混凝土造,108年3月26日,七層,四層 陽台,全筆移轉
RPROMLTKOHOFFAU87CA,24,105.34,住家用,鋼筋混凝土造,84年4月17日,六層,五層 陽台 花台,全筆移轉
RPVPMLTKOHOFFAU38CA,,28.40,本共有部分之項目有停車空間、機電設備空間、樓梯間、電梯間及升降設備機房等５項,鋼筋混凝土造,108年3月26日,七層,,持分移轉
RPROMLTKOHOFFAU87CA,24,19.99,共有部份,鋼筋混凝土造,84年4月17日,六層,,持分移轉
RPWPMLTKOHOFFAU48CA,,72.11,集合住宅,鋼筋混凝土造,108年3月26日,七層,二層 陽台,全筆移轉
RPWPMLTKOHOFFAU48CA,,27.52,本共有部分之項目有停車空間、機電設備空間、樓梯間、電梯間及升降設備機房等５項,鋼筋混凝土造,108年3月26日,七層,,持分移轉
RPROMLTKOHOFFAU87CA,24,13.29,共有部份,鋼筋混凝土造,84年4月17日,六層,,持分移轉
RPXPMLTKOHOFFAU58CA,,73.12,集合住宅,鋼筋混凝土造,108年3月26日,七層,三層 陽台,全筆移轉
RPXPMLTKOHOFFAU58CA,,28.00,本共有部分之項目有停車空間、機電設備空間、樓梯間、電梯間及升降設備機房等５項,鋼筋混凝土造,108年3月26日,七層,,持分移轉
RPXOMLOLOHOFFAU08CA,,72.11,集合住宅,鋼筋混凝土造,108年3月26日,七層,四層 陽台,全筆移轉
RPOPMLOLOHOFFAU27CA,,72.11,集合住宅,鋼筋混凝土造,108年3月26日,七層,五層 陽台,全筆移轉
RPXOMLOLOHOFFAU08CA,,27.60,本共有部分之項目有停車空間、機電設備空間、樓梯間、電梯間及升降設備機房等５項,鋼筋混凝土造,108年3月26日,七層,,持分移轉
RPXOMLOLOHOFFAU08CA,,20.57,共有部份（停車空間）,鋼筋混凝土造,108年3月26日,七層,,持分移轉
RPOPMLOLOHOFFAU27CA,,27.60,本共有部分之項目有停車空間、機電設備空間、樓梯間、電梯間及升降設備機房等５項,鋼筋混凝土造,108年3月26日,七層,,持分移轉
RPVOMLOLOHOFFAU87CA,,55.66,集合住宅,鋼筋混凝土造,108年3月26日,七層,二層 陽台,全筆移轉
RPVOMLOLOHOFFAU87CA,,21.72,本共有部分之項目有停車空間、機電設備空間、樓梯間、電梯間及升降設備機房等５項,鋼筋混凝土造,108年3月26日,七層,,持分移轉
RPVOMLOLOHOFFAU87CA,,15.00,共有部份（停車空間）,鋼筋混凝土造,108年3月26日,七層,,持分移轉
RPQOMLKLOHOFFAU96CA,13,202.39,住家用,鋼筋混凝土造,95年11月3日,四層,一層 二層 三層 四層 陽台,全筆移轉
RPSNMLKLOHOFFAU07CA,3,131.40,農舍,鋼筋混凝土造,105年7月18日,三層,一層 二層 三層 陽台,全筆移轉
RPROMLKLOHOFFAU07CA,40,103.32,住家用,鋼筋混凝土加強磚造,68年10月26日,二層,一層 二層,全筆移轉
RPWOMLOLOHOFFAU97CA,,55.66,集合住宅,鋼筋混凝土造,108年3月26日,七層,三層 陽台,全筆移轉
RPWOMLOLOHOFFAU97CA,,21.72,本共有部分之項目有停車空間、機電設備空間、樓梯間、電梯間及升降設備機房等５項,鋼筋混凝土造,108年3月26日,七層,,持分移轉
RPSNMLOLOHOFFAU47CA,26,254.79,住家用,鋼筋混凝土造,82年3月16日,三層,一層 二層 三層 陽台 平台 露台,全筆移轉
RPWOMLKLOHOFFAU57CA,20,113.78,住家用,鋼筋混凝土造,88年5月20日,五層,四層 五層 陽台 見其他登記事項,全筆移轉
RPWOMLKLOHOFFAU57CA,20,13.51,停車空間,鋼筋混凝土造,88年5月20日,五層,,持分移轉
RPWOMLKLOHOFFAU57CA,20,25.46,共有部份,鋼筋混凝土造,88年5月20日,五層,,持分移轉
RPQPMLOLOHOFFAU47CA,,72.11,集合住宅,鋼筋混凝土造,108年3月26日,七層,七層 陽台,全筆移轉
RPQPMLOLOHOFFAU47CA,,27.52,本共有部分之項目有停車空間、機電設備空間、樓梯間、電梯間及升降設備機房等５項,鋼筋混凝土造,108年3月26日,七層,,持分移轉
RPPPMLOLOHOFFAU37CA,,72.11,集合住宅,鋼筋混凝土造,108年3月26日,七層,六層 陽台,全筆移轉
RPPPMLOLOHOFFAU37CA,,27.60,本共有部分之項目有停車空間、機電設備空間、樓梯間、電梯間及升降設備機房等５項,鋼筋混凝土造,108年3月26日,七層,,持分移轉
RPPPMLOLOHOFFAU37CA,,15.00,共有部份（停車空間）,鋼筋混凝土造,108年3月26日,七層,,持分移轉
RPROMLRLOHOFFAU77CA,1,657.14,住家用,鋼筋混凝土造,107年11月7日,五層,一層 二層 三層 四層 五層 陽台 屋頂突出物 騎樓 見其他登記事項,全筆移轉
RPRNMLPLOHOFFBU57CA,84,67.92,住家用,木造鐵皮蓋,24年7月15日,一層,一層 騎樓,全筆移轉
RPXPMLSKPHOFFAU58CA,21,61.10,住家用,鋼筋混凝土造,87年2月18日,十四層,九層 陽台,全筆移轉
RPXPMLSKPHOFFAU58CA,21,10.32,共有部份,鋼筋混凝土造,87年2月18日,十四層,,持分移轉
RPXPMLSKPHOFFAU58CA,21,11.98,共有部份,鋼筋混凝土造,87年2月18日,十四層,,持分移轉
RPPOMLLLOHOFFAU17EA,25,33.32,住家用,鋼筋混凝土造,83年4月28日,五層,五層 陽台,全筆移轉
RPPOMLLLOHOFFAU17EA,25,8.31,共有部份,鋼筋混凝土造,83年4月28日,五層,,持分移轉
RPQQMLSKPHOFFAU97CA,23,25.73,住家用,鋼筋混凝土造,85年2月2日,十層,六層 陽台,全筆移轉
RPQQMLSKPHOFFAU97CA,23,2.62,共有部份,鋼筋混凝土造,85年2月2日,十層,,持分移轉
RPQQMLSKPHOFFAU97CA,23,5.41,共有部份,鋼筋混凝土造,85年2月2日,十層,,持分移轉
RPRPMLOLOHOFFAU57CA,,74.06,集合住宅,鋼筋混凝土造,108年3月26日,七層,七層 陽台,全筆移轉
RPRPMLOLOHOFFAU57CA,,28.40,本共有部分之項目有停車空間、機電設備空間、樓梯間、電梯間及升降設備機房等５項,鋼筋混凝土造,108年3月26日,七層,,持分移轉
RPRPMLOLOHOFFAU57CA,,13.75,共有部份（停車空間）,鋼筋混凝土造,108年3月26日,七層,,持分移轉
RPROMLLLOHOFFAU17CA,25,89.70,住家用,鋼筋混凝土造,83年2月7日,六層,六層 陽台,全筆移轉
RPROMLLLOHOFFAU17CA,25,33.42,共有部份,鋼筋混凝土造,83年2月7日,六層,,持分移轉
RPPNMLKKPHOFFAU76CA,27,180.92,廠房、單身宿舍、貯藏室,鋼筋混凝土造,80年12月23日,三層,一層 二層 三層 陽台,全筆移轉
RPPNMLSJPHOFFAU47CA,25,6.18,共有部份,鋼筋混凝土造,83年10月26日,九層,,持分移轉
RPPNMLSJPHOFFAU47CA,25,74.36,住家用,鋼筋混凝土造,83年10月26日,九層,三層 陽台 花台,全筆移轉
RPPNMLSJPHOFFAU47CA,25,18.81,共有部份,鋼筋混凝土造,83年10月26日,九層,,持分移轉
RPXOMLRLOHOFFAU38CA,1,309.28,住家用,鋼筋混凝土造,107年5月16日,四層,一層 二層 三層 四層 陽台 屋頂突出物 見其他登記事項,全筆移轉
RPTPMLSLOHOFFAU18CA,,59.00,集合住宅,鋼筋混凝土造、磚造,108年2月20日,五層,四層 陽台,全筆移轉
RPTPMLSLOHOFFAU18CA,,21.81,共有部份,鋼筋混凝土造、磚造,108年2月20日,五層,,持分移轉
RPSOMLPLOHOFFAU67CA,42,54.05,住家用,鋼筋混凝土加強磚造,65年12月3日,一層,一層,全筆移轉
RPTOMLPLOHOFFAU77CA,28,233.52,住家用,鋼筋混凝土造,80年10月2日,四層,一層 二層 三層 四層 陽台,全筆移轉
RPPNMLQLOHOFFAU37CA,10,191.26,住家用,鋼筋混凝土造,98年4月23日,四層,一層 二層 三層 四層 陽台 雨遮,全筆移轉
RPRNMLQLOHOFFAU57CA,25,61.39,住家用,鋼筋混凝土造,83年4月1日,十層,十層 陽台 花台,全筆移轉
RPRNMLQLOHOFFAU57CA,25,19.70,共有部份,鋼筋混凝土造,83年4月1日,十層,,持分移轉
RPROMLQLOHOFFAU67CA,,74.06,集合住宅,鋼筋混凝土造,108年3月26日,七層,三層 陽台,全筆移轉
RPROMLQLOHOFFAU67CA,,28.40,本共有部分之項目有停車空間、機電設備空間、樓梯間、電梯間及升降設備機房等５項,鋼筋混凝土造,108年3月26日,七層,,持分移轉
RPVOMLQLOHOFFAU08CA,29,132.60,商業用,鋼筋混凝土造,79年3月19日,一層,一層,全筆移轉
RPSOMLQLOHOFFAU77CA,,72.11,集合住宅,鋼筋混凝土造,108年3月26日,七層,三層 陽台,全筆移轉
RPSOMLQLOHOFFAU77CA,,27.60,本共有部分之項目有停車空間、機電設備空間、樓梯間、電梯間及升降設備機房等５項,鋼筋混凝土造,108年3月26日,七層,,持分移轉
RPXOMLSJPHOFFAU38CA,23,28.37,共有部份,鋼筋混凝土造,85年2月16日,十五層,,持分移轉
RPXOMLSJPHOFFAU38CA,23,107.58,住家用,鋼筋混凝土造,85年2月10日,十五層,二層 陽台,全筆移轉
RPTOMLQLOHOFFAU87CA,,74.06,集合住宅,鋼筋混凝土造,108年3月26日,七層,五層 陽台,全筆移轉
RPTOMLQLOHOFFAU87CA,,28.40,本共有部分之項目有停車空間、機電設備空間、樓梯間、電梯間及升降設備機房等５項,鋼筋混凝土造,108年3月26日,七層,,持分移轉
RPTOMLNLPHOFFAU67CA,24,54.91,住家用,鋼筋混凝土造,84年6月30日,七層,七層 陽台,全筆移轉
RPTOMLQLOHOFFAU87CA,,15.00,共有部份（停車空間）,鋼筋混凝土造,108年3月26日,七層,,持分移轉
RPTOMLNLPHOFFAU67CA,24,8.96,共有部份,鋼筋混凝土造,84年6月30日,七層,,持分移轉
RPTOMLNLPHOFFAU67CA,24,11.52,共有部份,鋼筋混凝土造,84年6月30日,七層,,持分移轉
RPTOMLNLPHOFFAU67CA,24,6.05,共有部份,鋼筋混凝土造,84年6月30日,七層,,持分移轉
RPRNMLMKPHOFFAU17CA,45,133.29,住商用,鋼筋混凝土加強磚造,63年9月2日,二層,一層 二層 騎樓,全筆移轉
RPUOMLQLOHOFFAU97CA,,74.06,集合住宅,鋼筋混凝土造,108年3月26日,七層,三層 陽台,全筆移轉
RPUOMLQLOHOFFAU97CA,,28.40,本共有部分之項目有停車空間、機電設備空間、樓梯間、電梯間及升降設備機房等５項,鋼筋混凝土造,108年3月26日,七層,,持分移轉
RPUOMLQLOHOFFAU97CA,,15.00,共有部份（停車空間）,鋼筋混凝土造,108年3月26日,七層,,持分移轉
RPPOMLQLOHOFFAU47CA,39,110.18,住商用,鋼筋混凝土加強磚造,69年5月19日,二層,一層 二層 騎樓,全筆移轉
RPRNMLQLPHOFFAU67CA,18,80.61,住家用,鋼筋混凝土造,90年3月15日,十四層,九層 陽台,全筆移轉
RPRNMLQLPHOFFAU67CA,18,23.68,門廳及樓梯間、活動中心及避難室、地下層及屋頂突出物,鋼筋混凝土造,90年3月15日,十四層,,持分移轉
RPRNMLQLPHOFFAU67CA,18,.90,住家用,鋼筋混凝土造,90年3月15日,十四層,一層,持分移轉
RPRNMLQLPHOFFAU67CA,18,4.40,門廳及樓梯間、活動中心及避難室、地下層及屋頂突出物,鋼筋混凝土造,90年3月15日,十四層,,持分移轉
RPQPMLMJPHOFFAU17CA,48,77.05,住家用,鋼筋混凝土加強磚造,60年6月26日,二層,一層 二層,全筆移轉
RPQNMLLJPHOFFAU86CA,1,103.43,集合住宅,鋼筋混凝土造,107年2月6日,九層,四層 陽台,全筆移轉
RPQNMLLJPHOFFAU86CA,1,44.01,共有部份,鋼筋混凝土造,107年2月6日,九層,,持分移轉
RPQNMLLJPHOFFAU86CA,1,25.29,共有部份,鋼筋混凝土造,107年2月6日,九層,,持分移轉
RPROMLSLOHOFFAU87CA,25,29.64,住家用,鋼筋混凝土造,83年11月15日,十二層,五層,全筆移轉
RPROMLSLOHOFFAU87CA,25,9.19,共有部份,鋼筋混凝土造,83年11月15日,十二層,,持分移轉
RPROMLSLOHOFFAU87CA,25,4.77,共有部份,鋼筋混凝土造,83年11月15日,十二層,,持分移轉
RPXNMLRLOHOFFAU28CA,14,157.27,住家用,鋼筋混凝土造,94年7月19日,三層,一層 二層 三層 陽台,全筆移轉
RPRNMLRLOHOFFAU67CA,24,81.45,住家用,鋼筋混凝土造,84年3月21日,十三層,十三層 陽台 花台,全筆移轉
RPRNMLRLOHOFFAU67CA,24,8.65,共有部份,鋼筋混凝土造,84年3月21日,十三層,,持分移轉
RPRNMLRLOHOFFAU67CA,24,9.59,共有部份,鋼筋混凝土造,84年3月21日,十三層,,持分移轉
RPOOMLSLOHOFFAU57CA,30,151.92,住家用,鋼筋混凝土造,78年10月20日,二層,一層 二層 陽台 屋頂突出物,全筆移轉
RPVOMLSLOHOFFAU28CA,36,60.18,住家用,鋼筋混凝土造,72年1月7日,四層,二層,全筆移轉
RPVOMLSLOHOFFAU28CA,36,13.21,共有部份,鋼筋混凝土造,72年1月7日,四層,,持分移轉
RPPPMLLJPHOFFAU96CA,24,21.99,共有部份,鋼筋混凝土造,84年4月29日,五層,,持分移轉
RPPPMLLJPHOFFAU96CA,24,78.17,住家用,鋼筋混凝土造,84年4月29日,五層,三層 陽台 花台,全筆移轉
RPPNMLTLOHOFFAU67CA,23,39.61,住家用,鋼筋混凝土造,85年3月9日,七層,五層 陽台,全筆移轉
RPPNMLTLOHOFFAU67CA,23,15.94,共有部份,鋼筋混凝土造,85年3月9日,七層,,持分移轉
RPPOMLKKPHOFFAU86CA,36,90.75,店舖、住宅,鋼筋混凝土造,72年9月10日,四層,一層 二層 騎樓,全筆移轉
RPPOMLKKPHOFFAU86CA,36,8.32,共有部份,鋼筋混凝土造,72年9月10日,四層,,持分移轉
RPTOMLKKPHOFFAU27CA,42,92.62,住商用,鋼筋混凝土加強磚造,65年12月2日,二層,一層 二層 騎樓,全筆移轉
RPWNMLSJPHOFFAU18CA,6,366.30,農舍,鋼筋混凝土造,101年11月21日,三層,一層 二層 三層 陽台 屋頂突出物 雨遮 見其他登記事項,全筆移轉
RPUOMLKKPHOFFAU37CA,19,104.12,住家用,鋼筋混凝土造,89年8月7日,十層,四層 陽台 花台 雨遮,全筆移轉
RPUOMLKKPHOFFAU37CA,19,26.91,共有部份,鋼筋混凝土造,89年8月7日,十五層,,持分移轉
RPUOMLKKPHOFFAU37CA,19,.89,共有部份,鋼筋混凝土造,89年8月7日,十五層,,持分移轉
RPUOMLKKPHOFFAU37CA,19,15.83,共有部份,鋼筋混凝土造,89年8月7日,十層,,持分移轉
RPTOMLLJPHOFFAU27CA,22,118.85,住家用,鋼筋混凝土造,86年8月7日,三層,一層 二層 三層 陽台 平台 雨遮,全筆移轉
RPRNMLMJPHOFFAU07CA,39,79.24,住家用,鋼筋混凝土加強磚造,69年6月16日,二層,一層 二層,全筆移轉
RPPNMLMJPHOFFAU86CA,46,89.25,住家用,鋼筋混凝土加強磚造,62年10月13日,二層,一層 二層,全筆移轉
RPPNMLNJPHOFFAU96CA,38,100.05,住家用,鋼筋混凝土加強磚造,70年2月2日,二層,一層 二層,全筆移轉
RPVOMLLJPHOFFAU47CA,12,208.69,住家用,鋼筋混凝土造,96年8月1日,四層,一層 二層 三層 四層 陽台,全筆移轉
RPPNMLMLPHOFFAU07CA,1,157.47,住家用,鋼筋混凝土造,106年12月21日,三層,一層 二層 三層 屋頂突出物,全筆移轉
RPWNMLPJPHOFFAU87CA,35,69.93,住家用,鋼筋混凝土造,73年9月19日,五層,五層,全筆移轉
RPWNMLPJPHOFFAU87CA,35,6.65,共有部份,鋼筋混凝土造,73年9月19日,五層,,持分移轉
RPWNMLPJPHOFFAU87CA,35,5.92,共有部份,鋼筋混凝土造,73年9月19日,五層,,持分移轉
RPTNMLMKPHOFFAU57EA,18,182.53,住家用,鋼筋混凝土造,90年5月23日,三層,一層 二層 三層 陽台,全筆移轉
RPVPMLSKPHOFFAU38CA,26,15.02,共有部份,鋼筋混凝土造,82年1月9日,七層,,持分移轉
RPVPMLSKPHOFFAU38CA,26,.28,商業用,鋼筋混凝土造,82年1月9日,七層,地下層,持分移轉
RPVNMLTKPHOFFAU28CA,22,77.67,住家用,鋼筋混凝土造,86年8月27日,九層,二層 三層 陽台 露台,全筆移轉
RPVNMLTKPHOFFAU28CA,22,10.76,共有部份,鋼筋混凝土造,86年8月27日,九層,,持分移轉
RPPPMLPJPHOFFAU37CA,25,26.17,住家用,鋼筋混凝土造,82年12月15日,七層,五層 陽台,全筆移轉
RPPPMLPJPHOFFAU37CA,25,4.26,共有部份,鋼筋混凝土造,82年12月15日,七層,,持分移轉
RPVNMLTKPHOFFAU28CA,22,8.81,共有部份,鋼筋混凝土造,86年8月27日,九層,,持分移轉
RPUOMLPJPHOFFAU77CA,24,42.56,住家用,鋼筋混凝土造,84年3月21日,十三層,九層 陽台,全筆移轉
RPPPMLPJPHOFFAU37CA,25,4.17,共有部份,鋼筋混凝土造,82年12月15日,七層,,持分移轉
RPVNMLTKPHOFFAU28CA,22,3.04,共有部份,鋼筋混凝土造,86年8月27日,九層,,持分移轉
RPUOMLPJPHOFFAU77CA,24,4.66,共有部份,鋼筋混凝土造,84年3月21日,十三層,,持分移轉
RPUOMLPJPHOFFAU77CA,24,7.75,共有部份,鋼筋混凝土造,84年3月21日,十三層,,持分移轉
RPXNMLMLPHOFFAU87CA,26,85.64,住家用,鋼筋混凝土造,82年1月9日,七層,六層 陽台,全筆移轉
RPXNMLOJPHOFFAU87CA,17,200.49,住家用,鋼筋混凝土造,91年6月5日,三層,一層 二層 三層 陽台 屋頂突出物 雨遮,全筆移轉
RPXNMLMLPHOFFAU87CA,26,8.17,共有部份,鋼筋混凝土造,82年1月9日,七層,,持分移轉
RPXNMLMLPHOFFAU87CA,26,9.57,共有部份,鋼筋混凝土造,82年1月9日,七層,,持分移轉
RPQNMLPKPHOFFBU47CA,24,131.53,住家用,鋼筋混凝土加強磚造,84年9月7日,二層,一層 二層 陽台 屋頂突出物,全筆移轉
RPTNMLTJPHOFFAU97CA,23,16.99,共有部份,鋼筋混凝土造,85年10月29日,十六層,,持分移轉
RPTNMLTJPHOFFAU97CA,23,59.13,住家用,鋼筋混凝土造,85年10月29日,十六層,十五層 陽台 花台,全筆移轉
RPPOMLSJPHOFFAU57CA,9,266.61,住家用,鋼筋混凝土造,99年5月20日,十四層,十一層 陽台 雨遮,全筆移轉
RPTNMLTJPHOFFAU97CA,23,10.82,共有部份,鋼筋混凝土造,85年10月29日,十六層,,持分移轉
RPQPMLKKPHOFFAU07CA,23,59.13,住家用,鋼筋混凝土造,85年10月29日,十六層,六層 陽台,全筆移轉
RPQPMLKKPHOFFAU07CA,23,10.93,共有部份,鋼筋混凝土造,85年10月29日,十六層,,持分移轉
RPPOMLSJPHOFFAU57CA,9,15.39,停車空間,鋼筋混凝土造,99年5月20日,十四層,,持分移轉
RPQPMLKKPHOFFAU07CA,23,17.36,共有部份,鋼筋混凝土造,85年10月29日,十六層,,持分移轉
RPSNMLSJPHOFFAU77CA,39,112.25,住商用,鋼筋混凝土加強磚造,69年4月21日,二層,一層 二層 屋頂突出物 騎樓,全筆移轉
RPPOMLSJPHOFFAU57CA,9,67.35,共有部份,鋼筋混凝土造,99年5月20日,十四層,,持分移轉
RPWOMLKKPHOFFAU57CA,26,76.08,住家用,鋼筋混凝土造,82年6月18日,七層,七層 陽台,全筆移轉
RPWOMLKKPHOFFAU57CA,26,26.27,共有部份,鋼筋混凝土造,82年6月18日,七層,,持分移轉
RPWOMLKKPHOFFAU57CA,26,10.59,共有部份,鋼筋混凝土造,82年6月18日,七層,,持分移轉
RPOPMLTJPHOFFAU67CA,16,144.02,住家用,鋼筋混凝土造,92年1月13日,二層,一層 二層 陽台 屋頂突出物,全筆移轉
RPOOMLSJPHOFFAU47CA,14,192.26,住商用,鋼筋混凝土造,94年1月21日,三層,一層 二層 三層 陽台 騎樓,全筆移轉
RPTPMLTJPHOFFAU18CA,,73.12,集合住宅,鋼筋混凝土造,108年3月26日,七層,二層 陽台,全筆移轉
RPTPMLTJPHOFFAU18CA,,28.00,本共有部分之項目有停車空間、機電設備空間、樓梯間、電梯間及升降設備機房等５項,鋼筋混凝土造,108年3月26日,七層,,持分移轉
RPXPMLTJPHOFFAU58CA,1,281.57,住家用,鋼筋混凝土造,107年5月24日,三層,一層 二層 三層 陽台 屋頂突出物,全筆移轉
RPSNMLMLPHOFFCU57CA,37,132.78,住家用,鋼筋混凝土加強磚造,70年12月28日,二層,一層 二層,全筆移轉
RPQPMLTJPHOFFAU87CA,40,238.17,住商用,鋼筋混凝土造,68年10月3日,四層,一層 二層 三層 四層 騎樓,全筆移轉
RPXOMLQKPHOFFAU28CA,1,53.39,集合住宅,鋼筋混凝土造,107年4月27日,十二層,十一層 陽台,全筆移轉
RPUPMLTJPHOFFAU28CA,,74.06,集合住宅,鋼筋混凝土造,108年3月26日,七層,六層 陽台,全筆移轉
RPXOMLQKPHOFFAU28CA,1,46.64,本共有部份之項目有防空避難室兼停車空間、機電設備、騎樓、Ｆ梯安全梯、一樓梯廳、一樓門廳、管委會使用空間、車道、Ｃ棟垃圾處理區等９項。,鋼筋混凝土造,107年4月27日,十二層,,持分移轉
RPUPMLTJPHOFFAU28CA,,28.40,本共有部分之項目有停車空間、機電設備空間、樓梯間、電梯間及升降設備機房等５項,鋼筋混凝土造,108年3月26日,七層,,持分移轉
RPXOMLQKPHOFFAU28CA,1,16.50,共有部份,鋼筋混凝土造,107年4月27日,十二層,,持分移轉
RPQNMLKKPHOFFAU86CA,29,135.10,住家用,鋼筋混凝土造,79年1月15日,二層,一層 二層 陽台 屋頂突出物,全筆移轉
RPXNMLPKPHOFFAU08CA,17,223.92,住家用,鋼筋混凝土造,90年12月26日,三層,一層 二層 三層 陽台 見其他登記事項,全筆移轉
RPSPMLTJPHOFFAU08CA,,74.06,集合住宅,鋼筋混凝土造,108年3月26日,七層,四層 陽台,全筆移轉
RPSPMLTJPHOFFAU08CA,,28.40,本共有部分之項目有停車空間、機電設備空間、樓梯間、電梯間及升降設備機房等５項,鋼筋混凝土造,108年3月26日,七層,,持分移轉
RPSOMLMLPHOFFAU47CA,31,103.00,住商用,鋼筋混凝土造,77年1月12日,五層,一層 陽台 騎樓 夾層,全筆移轉
RPSOMLMLPHOFFAU47CA,31,5.40,共有部份,鋼筋混凝土造,77年1月12日,五層,,持分移轉
RPSOMLMLPHOFFAU47CA,31,5.89,共有部份,鋼筋混凝土造,77年1月12日,五層,,持分移轉
RPVOMLQKPHOFFAU08CA,,73.12,集合住宅,鋼筋混凝土造,108年3月26日,七層,四層 陽台,全筆移轉
RPVOMLQKPHOFFAU08CA,,28.00,本共有部分之項目有停車空間、機電設備空間、樓梯間、電梯間及升降設備機房等５項,鋼筋混凝土造,108年3月26日,七層,,持分移轉
RPTOMLTLPHOFFAU28CA,1,201.77,住家用,鋼筋混凝土造,107年1月22日,四層,一層 二層 三層 四層 陽台,全筆移轉
RPVNMLLKPHOFFAU47CA,20,120.96,住家用,鋼筋混凝土造,88年4月14日,五層,二層 陽台 雨遮,全筆移轉
RPVNMLLKPHOFFAU47CA,20,8.26,共有部份,鋼筋混凝土造,88年4月14日,五層,,持分移轉
RPVNMLLKPHOFFAU47CA,20,12.91,共有部份,鋼筋混凝土造,88年4月14日,五層,,持分移轉
RPWOMLQKPHOFFAU18CA,,74.06,集合住宅,鋼筋混凝土造,108年3月26日,七層,六層 陽台,全筆移轉
RPWOMLQKPHOFFAU18CA,,28.40,本共有部分之項目有停車空間、機電設備空間、樓梯間、電梯間及升降設備機房等５項,鋼筋混凝土造,108年3月26日,七層,,持分移轉
RPWOMLQKPHOFFAU18CA,,14.69,共有部份（停車空間）,鋼筋混凝土造,108年3月26日,七層,,持分移轉
RPUOMLTKPHOFFAU28CA,,55.66,集合住宅,鋼筋混凝土造,108年3月26日,七層,四層 陽台,全筆移轉
RPUOMLTKPHOFFAU28CA,,21.72,本共有部分之項目有停車空間、機電設備空間、樓梯間、電梯間及升降設備機房等５項,鋼筋混凝土造,108年3月26日,七層,,持分移轉
RPPNMLOLPHOFFCU47CA,48,72.10,住家用,鋼筋混凝土加強磚造,60年5月31日,一層,一層 騎樓,全筆移轉
RPUPMLPLPHOFFAU08CA,23,34.31,住家用,鋼筋混凝土、木造,85年11月1日,五層,三層 陽台 夾層,全筆移轉
RPUPMLPLPHOFFAU08CA,23,16.62,共有部份,鋼筋混凝土造,85年11月1日,五層,,持分移轉
RPPNMLMJQHOFFBU07CA,10,547.63,農舍,鋼筋混凝土造,97年11月27日,二層,一層 二層 陽台 見其他登記事項,全筆移轉
RPVNMLNLPHOFFAU77CA,1,47.01,集合住宅,鋼筋混凝土造,107年4月27日,十二層,九層 陽台,全筆移轉
RPVNMLNLPHOFFAU77CA,1,45.20,本共有部份之項目有防空避難室兼停車空間、機電設備、騎樓、Ｆ梯安全梯、一樓梯廳、一樓門廳、管委會使用空間、車道、Ｃ棟垃圾處理區等９項。,鋼筋混凝土造,107年4月27日,十二層,,持分移轉
RPVNMLNLPHOFFAU77CA,1,13.90,共有部份,鋼筋混凝土造,107年4月27日,十二層,,持分移轉
RPXNMLLMPHOFFAU87CA,40,118.09,住商用,鋼筋混凝土加強磚造,67年12月22日,二層,一層 二層 騎樓,全筆移轉
RPPOMLTLPHOFFAU87CA,27,88.11,住家用,鋼筋混凝土造,81年10月1日,七層,四層 陽台,全筆移轉
RPPOMLTLPHOFFAU87CA,27,29.51,共有部份,鋼筋混凝土造,81年10月1日,七層,,持分移轉
RPRPMLLLQHOFFAU47CA,,53.15,,,,,,全筆移轉
RPXOMLOKQHOFFAU18CA,25,270.62,住家用,鋼筋混凝土造,83年8月1日,三層,一層 二層 三層 陽台 屋頂突出物 見其他登記事項,全筆移轉
RPUNMLSJQHOFFAU08CA,41,54.78,住家用,鋼筋混凝土加強磚造,67年7月3日,一層,一層,全筆移轉
RPTOMLMJRHOFFAU57CA,2,503.54,住家用,鋼筋混凝土造,106年3月22日,五層,一層 二層 三層 四層 五層 陽台,全筆移轉
RPPNMLKKQHOFFAU86CA,,59.00,集合住宅,鋼筋混凝土造、磚造,108年2月20日,五層,五層 陽台,全筆移轉
RPPNMLKKQHOFFAU86CA,,22.03,共有部份,鋼筋混凝土造、磚造,108年2月20日,五層,,持分移轉
RPRPMLOKNHOFFAU37CA,,93.06,住家用,鋼筋混凝土加強磚造,,,,全筆移轉
RPSNMLPKNHOFFAU37CA,,225.83,住家用,鋼筋混凝土造,,,,全筆移轉
RPPOMLQKNHOFFAU27CA,25,11.84,共有部份,鋼筋混凝土造,82年11月5日,九層,,持分移轉
RPPOMLQKNHOFFAU27CA,25,32.20,住家用,鋼筋混凝土造,82年11月5日,九層,五層,全筆移轉
RPQOMLQKNHOFFAU37CA,24,25.57,住家用,鋼筋混凝土造,83年11月15日,十二層,八層 花台,全筆移轉
RPQOMLQKNHOFFAU37CA,24,5.84,共有部份,鋼筋混凝土造,83年11月15日,十二層,,持分移轉
RPQOMLQKNHOFFAU37CA,24,8.30,共有部份,鋼筋混凝土造,83年11月15日,十二層,,持分移轉
RPSOMLOKNHOFFAU37CA,,49.95,集合住宅,鋼筋混凝土造,,,,全筆移轉
RPSOMLOKNHOFFAU37CA,,45.84,本共有部份之項目有防空避難室兼停車空間、機電設備、騎樓、Ｆ梯安全梯、一樓梯廳、一樓門廳、管委會使用空間、車道、Ｃ棟垃圾處理區等９項。,鋼筋混凝土造,,,,持分移轉
RPSOMLOKNHOFFAU37CA,,15.45,共有部份,鋼筋混凝土造,,,,持分移轉
RPRNMLOKNHOFFBU27CA,69,110.81,住家用,木造,38年11月30日,一層,一層,全筆移轉
RPPNMLRKNHOFFAU27CA,41,86.50,住家用,鋼筋混凝土加強磚造,67年1月25日,二層,一層 二層,全筆移轉
RPQNMLNJOHOFFAU17EA,20,149.83,住商用,鋼筋混凝土造,87年11月30日,八層,一層 平台 騎樓,全筆移轉
RPQNMLNJOHOFFAU17EA,20,59.07,車道，電梯間，樓梯間，騎樓，屋頂突出物,鋼筋混凝土造,87年11月30日,八層,,持分移轉
RPQNMLNJOHOFFAU17EA,20,14.65,停車空間,鋼筋混凝土造,87年11月30日,八層,,持分移轉
RPRNMLRKNHOFFAU47CA,46,32.03,住家用,鋼筋混凝土加強磚造,62年5月24日,一層,一層,全筆移轉
RPOOMLQKNHOFFAU17CA,20,102.98,住家用,鋼筋混凝土造,88年5月20日,五層,二層 三層 陽台 平台 雨遮,全筆移轉
RPOOMLQKNHOFFAU17CA,20,13.40,停車空間,鋼筋混凝土造,88年5月20日,五層,,持分移轉
RPOOMLQKNHOFFAU17CA,20,22.58,共有部份,鋼筋混凝土造,88年5月20日,五層,,持分移轉
RPPNMLKLNHOFFAU66CA,,59.13,住家用,鋼筋混凝土造,,,,全筆移轉
RPPNMLKLNHOFFAU66CA,,10.93,共有部份,鋼筋混凝土造,,,,持分移轉
RPPNMLKLNHOFFAU66CA,,17.36,共有部份,鋼筋混凝土造,,,,持分移轉
RPSOMLQKNHOFFAU57CA,6,204.94,住家用,鋼筋混凝土造,102年2月7日,三層,一層 二層 三層 陽台,全筆移轉
RPOOMLLLNHOFFAU76CA,2,251.16,住家用,鋼筋混凝土造,105年11月30日,四層,一層 二層 三層 四層 陽台,全筆移轉
RPOOMLPKNHOFFAU07CA,,83.70,住家用,鋼筋混凝土造,,,,全筆移轉
RPOOMLPKNHOFFAU07CA,,14.93,共有部份,鋼筋混凝土造,,,,持分移轉
RPOOMLPKNHOFFAU07CA,,23.40,共有部份,鋼筋混凝土造,,,,持分移轉
RPVPMLMLNHOFFAU67CA,25,75.51,住家用,鋼筋混凝土造,83年3月15日,十二層,五層 陽台,全筆移轉
RPVPMLMLNHOFFAU67CA,25,17.51,共有部份,鋼筋混凝土造,83年3月15日,十二層,,持分移轉
RPROMLNJOHOFFAU17CA,20,120.96,住家用,鋼筋混凝土造,88年4月14日,五層,一層 陽台 雨遮,全筆移轉
RPROMLNJOHOFFAU17CA,20,6.40,共有部份,鋼筋混凝土造,88年4月14日,五層,,持分移轉
RPRNMLKLNHOFFAU86CA,,185.10,住家用,鋼筋混凝土造,,,,全筆移轉
RPSPMLMKOHOFFAU37CA,25,103.37,住家用,鋼筋混凝土造,82年11月9日,八層,五層 陽台,全筆移轉
RPSPMLMKOHOFFAU37CA,25,41.18,共有部份,鋼筋混凝土造,82年11月9日,八層,,持分移轉
RPPNMLNKOHOFFBU17DA,39,122.57,住商用,鋼筋混凝土加強磚造,69年6月28日,二層,一層 二層 騎樓,全筆移轉
RPUPMLNKOHOFFAU67CA,7,161.09,住家用,鋼筋混凝土造,101年3月2日,三層,一層 二層 三層 陽台 騎樓,全筆移轉
RPPOMLNJOHOFFAU96CA,26,170.27,住家用,鋼筋混凝土造,81年10月29日,二層,一層 二層 陽台 平台 屋頂突出物 見其他登記事項,全筆移轉
RPSOMLLKOHOFFAU17CA,27,161.66,住家用,鋼筋混凝土造,81年8月20日,三層,一層 二層 三層 陽台 騎樓 見其他登記事項,全筆移轉
RPSOMLOLNHOFFAU47CA,39,123.59,住商用,鋼筋混凝土造,69年8月6日,四層,一層 二層 三層 四層 屋頂突出物 騎樓,全筆移轉
RPWOMLQKNHOFFAU97CA,7,238.07,住家用,鋼筋混凝土造,101年1月13日,三層,一層 二層 三層 陽台 屋頂突出物,全筆移轉
RPUPMLMLNHOFFAU57CA,58,27.01,住家用,木造,50年9月1日,一層,一層,持分移轉
RPPOMLKLNHOFFAU76CA,,265.03,店舖住宅貯藏室,鋼筋混凝土造,,,,全筆移轉
RPWNMLKLNHOFFAU37CA,20,.48,住家用,鋼筋混凝土造,87年10月9日,五層,一層 陽台,持分移轉
RPWNMLKLNHOFFAU37CA,20,15.95,共有部份,鋼筋混凝土造,87年10月9日,五層,,持分移轉
RPWNMLKLNHOFFAU37CA,20,97.36,住家用,鋼筋混凝土造,87年10月9日,五層,五層 陽台,全筆移轉
RPWNMLKLNHOFFAU37CA,20,31.79,共有部份,鋼筋混凝土造,87年10月9日,五層,,持分移轉
RPWNMLKLNHOFFAU37CA,20,.08,共有部份,鋼筋混凝土造,87年10月9日,五層,,持分移轉
RPWNMLKLNHOFFAU37CA,20,.15,共有部份,鋼筋混凝土造,87年10月9日,五層,,持分移轉
RPPPMLLLNHOFFAU96CA,,77.42,住商用,木造,,一層,一層 騎樓,全筆移轉
RPTNMLLLNHOFFAU37EA,31,135.71,住家用,鋼筋混凝土造,77年10月11日,二層,一層 二層 陽台 屋頂突出物,全筆移轉
RPUOMLLLNHOFFAU37CA,,89.92,住商用,鋼筋混凝土加強磚造,,二層,一層 二層 騎樓,全筆移轉
RPPNMLKMNHOFFAU76CA,26,95.90,住家用,鋼筋混凝土造,82年1月9日,七層,七層 陽台 花台,全筆移轉
RPPNMLKMNHOFFAU76CA,26,10.08,共有部份,鋼筋混凝土造,82年1月9日,七層,,持分移轉
RPPNMLKMNHOFFAU76CA,26,10.94,共有部份,鋼筋混凝土造,82年1月9日,七層,,持分移轉
RPTOMLKLNHOFFAU17CA,,46.11,集合住宅,鋼筋混凝土造,,,,全筆移轉
RPTOMLKLNHOFFAU17CA,,10.51,本共有部份之項目有防空避難室兼停車空間、機電設備、騎樓、Ｆ梯安全梯、一樓梯廳、一樓門廳、管委會使用空間、車道、Ｃ棟垃圾處理區等９項。,鋼筋混凝土造,,,,持分移轉
RPTOMLKLNHOFFAU17CA,,13.63,共有部份,鋼筋混凝土造,,,,持分移轉
RPVNMLKKOHOFFCU47CA,38,199.39,住商用,鋼筋混凝土加強磚造,70年2月13日,二層,一層 二層 騎樓,全筆移轉
RPOOMLTLNHOFFAU57CA,,86.96,住家用,鋼筋混凝土加強磚造,,二層,一層 二層,全筆移轉
RPQNMLRLNHOFFAU47CA,32,119.06,住家用,鋼筋混凝土造,76年9月10日,三層,一層 二層 三層 屋頂突出物 騎樓,全筆移轉
RPPNMLNJOHOFFAU86CA,3,421.36,住家用,鋼筋混凝土造,105年6月30日,四層,一層 二層 三層 四層 陽台 屋頂突出物 騎樓,全筆移轉
RPROMLNLNHOFFAU27CA,9,269.40,住家用,鋼筋混凝土造,98年12月21日,四層,一層 二層 三層 四層 陽台 騎樓,全筆移轉
RPQPMLNLNHOFFAU27CA,25,65.38,商業用,鋼筋混凝土造,83年8月1日,八層,一層 騎樓,全筆移轉
RPQPMLNLNHOFFAU27CA,25,10.18,共有部份,鋼筋混凝土造,83年8月1日,八層,,持分移轉
RPOOMLMLNHOFFAU86CA,27,238.15,住商用,鋼筋混凝土造,81年8月3日,四層,一層 二層 三層 四層 陽台 屋頂突出物 騎樓,全筆移轉
RPXNMLLLNHOFFAU57CA,1,81.21,集合住宅,鋼筋混凝土造,107年4月16日,五層,三層 陽台,全筆移轉
RPXNMLLLNHOFFAU57CA,1,47.38,本共有部分之項目有安全梯、電梯、一般樓梯、梯廳、停車空間、管委會空間及屋頂突出物一、二層等７項。,鋼筋混凝土造,107年4月16日,五層,,持分移轉
RPRNMLLLNHOFFAU96CA,12,106.44,集合住宅,鋼筋混凝土造,96年1月4日,五層,五層 陽台,全筆移轉
RPRNMLLLNHOFFAU96CA,12,15.30,共有部份,鋼筋混凝土造,96年1月4日,五層,,持分移轉
RPROMLMLNHOFFAU17CA,1,78.22,集合住宅,鋼筋混凝土造,107年4月16日,五層,三層 陽台,全筆移轉
RPROMLMLNHOFFAU17CA,1,47.38,本共有部分之項目有安全梯、電梯、一般樓梯、梯廳、停車空間、管委會空間及屋頂突出物一、二層等７項。,鋼筋混凝土造,107年4月16日,五層,,持分移轉
RPVPMLNKOHOFFAU77CA,25,103.64,住家用,鋼筋混凝土造,83年5月6日,六層,三層 陽台 花台,全筆移轉
RPVPMLNKOHOFFAU77CA,25,50.64,共有部份,鋼筋混凝土造,83年5月6日,六層,,持分移轉
RPWOMLMLNHOFFAU67CA,25,128.74,住家用,鋼筋混凝土造,82年12月31日,二層,一層 二層 陽台 平台 屋頂突出物,全筆移轉
RPRQMLTKOHOFFAU08CA,31,35.24,住家用,鋼筋混凝土造,76年11月17日,七層,五層,全筆移轉
RPRQMLTKOHOFFAU08CA,31,10.09,共有部份,鋼筋混凝土造,76年11月17日,七層,,持分移轉
RPXQMLNKOHOFFAU08CA,,8.70,住家用,鋼筋混凝土造,,二層,一層 二層,持分移轉
RPQNMLMLNHOFFAU96CA,1,94.07,集合住宅,鋼筋混凝土造,107年1月29日,十一層,五層 陽台,全筆移轉
RPQNMLMLNHOFFAU96CA,1,35.24,共有部份,鋼筋混凝土造,107年1月29日,十一層,,持分移轉
RPPNMLRLNHOFFAU37CA,25,161.23,停車空間、住宅,鋼筋混凝土造,83年9月29日,四層,一層 二層 三層 四層 陽台 平台 屋頂突出物 雨遮,全筆移轉
RPOPMLNLNHOFFAU07CA,21,56.00,住家用,鋼筋混凝土造,87年2月18日,十四層,五層 陽台,全筆移轉
RPOPMLNLNHOFFAU07CA,21,8.85,共有部份,鋼筋混凝土造,87年2月18日,十四層,,持分移轉
RPOPMLNLNHOFFAU07CA,21,9.87,共有部份,鋼筋混凝土造,87年2月18日,十四層,,持分移轉
RPSNMLOLNHOFFAU37CA,20,96.03,住家用,鋼筋混凝土造,87年10月9日,五層,四層 陽台,全筆移轉
RPSNMLOLNHOFFAU37CA,20,15.95,共有部份,鋼筋混凝土造,87年10月9日,五層,,持分移轉
RPSNMLRLNHOFFAU67CA,11,137.40,住家用,鋼筋混凝土造,97年4月11日,四層,三層 陽台,全筆移轉
RPSNMLRLNHOFFAU67CA,11,18.96,共有部份,鋼筋混凝土造,97年4月11日,四層,,持分移轉
RPSNMLKMNHOFFAU07CA,41,91.98,住商用,鋼筋混凝土加強磚造,66年12月30日,二層,一層 二層 騎樓,全筆移轉
RPSNMLOLNHOFFAU37CA,20,31.79,共有部份,鋼筋混凝土造,87年10月9日,五層,,持分移轉
RPSNMLOLNHOFFAU37CA,20,.48,住家用,鋼筋混凝土造,87年10月9日,五層,一層 陽台,持分移轉
RPSNMLOLNHOFFAU37CA,20,.08,共有部份,鋼筋混凝土造,87年10月9日,五層,,持分移轉
RPSNMLOLNHOFFAU37CA,20,.15,共有部份,鋼筋混凝土造,87年10月9日,五層,,持分移轉
RPPOMLNLNHOFFAU07CA,39,85.86,住家用,鋼筋混凝土造,69年5月3日,五層,二層 陽台,全筆移轉
RPPOMLNLNHOFFAU07CA,39,10.97,共有部份,鋼筋混凝土造,69年5月3日,,,持分移轉
RPPOMLNLNHOFFAU07CA,39,7.12,共有部份,鋼筋混凝土造,69年5月3日,五層,,持分移轉
RPPOMLKMNHOFFAU86CA,27,88.11,商業用,鋼筋混凝土造,81年10月1日,七層,二層 陽台,全筆移轉
RPPOMLKMNHOFFAU86CA,27,29.51,共有部份,鋼筋混凝土造,81年10月1日,七層,,持分移轉
RPQOMLTLNHOFFAU77CA,23,61.71,住家用,鋼筋混凝土造,85年2月5日,十二層,四層 陽台,全筆移轉
RPQOMLTLNHOFFAU77CA,23,9.56,共有部份,鋼筋混凝土造,85年2月5日,十二層,,持分移轉
RPQOMLTLNHOFFAU77CA,23,8.84,共有部份,鋼筋混凝土造,85年2月5日,十二層,,持分移轉
RPUOMLNLNHOFFAU57CA,6,226.46,住家用,鋼筋混凝土造,102年5月15日,四層,一層 二層 三層 四層 陽台,全筆移轉
RPQOMLOLNHOFFAU27CA,45,94.58,住家用,鋼筋混凝土加強磚造,63年4月22日,二層,一層 二層 浴廁,全筆移轉
RPTOMLOLNHOFFAU57CA,1,314.54,住家用,鋼筋混凝土造,107年5月16日,四層,一層 二層 三層 四層 陽台 屋頂突出物,全筆移轉
RPRNMLNJOHOFFAU07CA,1,81.21,集合住宅,鋼筋混凝土造,107年4月16日,五層,二層 陽台,全筆移轉
RPRNMLNJOHOFFAU07CA,1,47.38,本共有部分之項目有安全梯、電梯、一般樓梯、梯廳、停車空間、管委會空間及屋頂突出物一、二層等７項。,鋼筋混凝土造,107年4月16日,五層,,持分移轉
RPVNMLOLNHOFFAU67CA,8,14.03,停車空間,鋼筋混凝土造,100年1月21日,十二層,地下二層,持分移轉
RPVNMLOLNHOFFAU67CA,8,.15,共有部份,鋼筋混凝土造,100年1月21日,十二層,,持分移轉
RPVNMLOLNHOFFAU67CA,8,112.64,集合住宅,鋼筋混凝土造,100年1月21日,十二層,八層 陽台,全筆移轉
RPVNMLOLNHOFFAU67CA,8,50.98,共有部份,鋼筋混凝土造,100年1月21日,十二層,,持分移轉
RPRNMLSLNHOFFAU67CA,9,202.77,農舍,鋼筋混凝土造,99年5月6日,三層,一層 二層 三層 陽台,全筆移轉
RPQNMLPLNHOFFAU27CA,7,193.51,住家用,鋼筋混凝土造,101年4月26日,四層,一層 二層 三層 四層 陽台,全筆移轉
RPTNMLOLNHOFFAU47CA,3,303.35,住家用,鋼筋混凝土造,105年6月22日,三層,一層 二層 三層 見其他登記事項,全筆移轉
RPVNMLPJOHOFFAU67CA,45,95.75,住家用,鋼筋混凝土加強磚造,63年2月13日,二層,一層 二層,全筆移轉
RPXNMLOLNHOFFAU87CA,,67.07,住家用,木造,,一層,一層 騎樓,全筆移轉
RPPPMLOLNHOFFAU27CA,26,268.39,住家用,鋼筋混凝土造,82年9月22日,四層,一層 二層 三層 四層 陽台 平台,全筆移轉
RPTNMLRLNHOFFAU77CA,6,259.67,住家用,鋼筋混凝土造,102年1月18日,三層,一層 二層 三層 陽台 屋頂突出物,全筆移轉
RPWNMLOLNHOFFAU77CA,,66.78,住家用,木造,,一層,一層 騎樓 廚房,全筆移轉
RPOOMLRLNHOFFAU37CA,21,86.01,辦公室,鋼筋混凝土造,87年6月15日,九層,六層,全筆移轉
RPOOMLRLNHOFFAU37CA,21,35.48,共有部份,鋼筋混凝土造,87年6月15日,九層,,持分移轉
RPRPMLNKOHOFFAU37CA,39,254.44,住商用,鋼筋混凝土造,69年1月7日,三層,一層 二層 三層 屋頂突出物 騎樓 地下層,全筆移轉
RPRNMLSKOHOFFAU67CA,23,297.79,住商用,鋼筋混凝土造,85年7月16日,五層,一層 二層 三層 四層 五層 陽台 平台 屋頂突出物 騎樓,全筆移轉
RPROMLOLNHOFFAU57EA,47,92.28,住家用,鋼筋混凝土加強磚造,61年9月13日,二層,一層 二層,全筆移轉
RPXNMLOLOHOFFAU97CA,20,120.96,住家用,鋼筋混凝土造,88年4月14日,五層,四層 陽台 雨遮,全筆移轉
RPXNMLOLOHOFFAU97CA,20,12.91,共有部份,鋼筋混凝土造,88年4月14日,五層,,持分移轉
RPXNMLOLOHOFFAU97CA,20,8.26,共有部份,鋼筋混凝土造,88年4月14日,五層,,持分移轉
RPXNMLSLNHOFFAU28CA,10,157.23,住家用,鋼筋混凝土造,98年2月13日,三層,一層 二層 三層 陽台,全筆移轉
RPWNMLSLNHOFFAU18CA,1,49.95,集合住宅,鋼筋混凝土造,107年4月27日,十二層,五層 陽台,全筆移轉
RPWNMLSLNHOFFAU18CA,1,11.36,本共有部份之項目有防空避難室兼停車空間、機電設備、騎樓、Ｆ梯安全梯、一樓梯廳、一樓門廳、管委會使用空間、車道、Ｃ棟垃圾處理區等９項。,鋼筋混凝土造,107年4月27日,十二層,,持分移轉
RPWNMLSLNHOFFAU18CA,1,14.75,共有部份,鋼筋混凝土造,107年4月27日,十二層,,持分移轉
RPVNMLSLNHOFFAU08CA,1,46.11,集合住宅,鋼筋混凝土造,107年4月27日,十二層,六層 陽台,全筆移轉
RPVNMLSLNHOFFAU08CA,1,10.51,本共有部份之項目有防空避難室兼停車空間、機電設備、騎樓、Ｆ梯安全梯、一樓梯廳、一樓門廳、管委會使用空間、車道、Ｃ棟垃圾處理區等９項。,鋼筋混凝土造,107年4月27日,十二層,,持分移轉
RPVNMLSLNHOFFAU08CA,1,13.63,共有部份,鋼筋混凝土造,107年4月27日,十二層,,持分移轉
RPTOMLSLNHOFFAU97CA,26,181.44,商業用,見其他登記事項,82年5月5日,一層,,全筆移轉
RPTOMLSLNHOFFAU97CA,26,265.86,商業用,見其他登記事項,82年5月5日,一層,,全筆移轉
RPRNMLQJOHOFFAU37CA,25,5.93,共有部份,鋼筋混凝土造,83年6月11日,九層,,持分移轉
RPRNMLQJOHOFFAU37CA,25,8.94,共有部份,鋼筋混凝土造,83年6月11日,九層,,持分移轉
RPRNMLQJOHOFFAU37CA,25,64.61,住家用,鋼筋混凝土造,83年6月11日,九層,一層 平台,全筆移轉
RPRNMLQJOHOFFAU37CA,25,7.51,避難室、停車場,鋼筋混凝土造,83年6月11日,九層,地下二層,持分移轉
RPPQMLTKOHOFFAU87CA,17,151.99,住家用,鋼筋混凝土造,90年12月4日,三層,一層 二層 三層 陽台,全筆移轉
RPOPMLNKOHOFFAU07CA,12,207.68,住家用,鋼筋混凝土造,96年6月8日,三層,一層 二層 三層 陽台 屋頂突出物,全筆移轉
RPQNMLMKOHOFFAU96CA,40,35.42,住家用,鋼筋混凝土加強磚造,68年2月12日,二層,一層 二層,持分移轉
RPQNMLMKOHOFFAU96CA,40,35.42,住家用,鋼筋混凝土加強磚造,68年2月12日,二層,一層 二層,持分移轉
RPRNMLOLOHOFFAU37CA,3,225.19,農舍,鋼筋混凝土造,105年4月19日,三層,一層 二層 三層 陽台,全筆移轉
RPSOMLKMNHOFFAU17CA,24,70.08,住家用,鋼筋混凝土造,84年2月22日,八層,三層 陽台,全筆移轉
RPSOMLKMNHOFFAU17CA,24,14.73,共有部份,鋼筋混凝土造,84年2月22日,八層,,持分移轉
RPSOMLKMNHOFFAU17CA,24,16.65,共有部份,鋼筋混凝土造,84年2月22日,八層,,持分移轉
RPUNMLLMNHOFFAU37CA,22,76.43,住家用,鋼筋混凝土造,86年3月4日,五層,三層 陽台,全筆移轉
RPPNMLLMNHOFFAU86CA,46,102.95,住家用,鋼筋混凝土加強磚造,61年10月28日,二層,一層 二層,全筆移轉
RPUNMLLMNHOFFAU37CA,22,14.50,共有部份,鋼筋混凝土造,86年3月4日,五層,,持分移轉
RPXNMLTLNHOFFAU38CA,3,327.88,農舍,鋼筋混凝土造,105年3月14日,三層,一層 二層 三層 陽台 屋頂突出物,全筆移轉
RPROMLTLNHOFFAU87CA,21,233.04,住商用,鋼筋混凝土造,87年3月9日,五層,一層 二層 三層 四層 五層 陽台 騎樓 雨遮,全筆移轉
RPROMLTLNHOFFAU87CA,21,17.84,共有部份,鋼筋混凝土造,87年3月9日,五層,,持分移轉
RPROMLTLNHOFFAU87CA,21,15.10,共有部份,鋼筋混凝土造,87年3月9日,五層,,持分移轉
RPRNMLLKOHOFFAU96CA,30,73.04,住家用,鋼筋混凝土造,78年6月24日,四層,二層,全筆移轉
RPRNMLLKOHOFFAU96CA,30,16.63,共有部份,鋼筋混凝土造,78年6月24日,四層,,持分移轉
RPSOMLTLNHOFFAU97CA,21,230.00,住商用,鋼筋混凝土造,87年3月9日,五層,一層 二層 三層 四層 五層 陽台 騎樓 雨遮,全筆移轉
RPSOMLTLNHOFFAU97CA,21,17.84,共有部份,鋼筋混凝土造,87年3月9日,五層,,持分移轉
RPSOMLTLNHOFFAU97CA,21,15.10,共有部份,鋼筋混凝土造,87年3月9日,五層,,持分移轉
RPTNMLNJOHOFFAU27CA,21,189.38,住家用,鋼筋混凝土造,87年9月2日,三層,一層 二層 三層 陽台 見其他登記事項,全筆移轉
RPSOMLNJOHOFFAU27CA,38,228.66,住家用,鋼筋混凝土造,69年11月1日,二層,一層 二層 陽台 平台,全筆移轉
RPWOMLOJOHOFFAU77CA,1,324.13,住家用,鋼筋混凝土造,107年5月24日,三層,一層 二層 三層 陽台 屋頂突出物,全筆移轉
RPXOMLOJOHOFFAU87CA,1,322.60,住家用,鋼筋混凝土造,107年5月24日,四層,一層 二層 三層 四層 陽台 見其他登記事項,全筆移轉
RPUNMLKKOHOFFAU17CA,34,275.47,住商用,鋼筋混凝土加強磚造,74年9月4日,四層,一層 二層 三層 四層 騎樓 地下層,全筆移轉
RPTNMLLMNHOFFAU27CA,4,231.06,住家用,鋼筋混凝土造,104年10月8日,四層,一層 二層 三層 四層 陽台,全筆移轉
RPOPMLLMNHOFFAU96CA,32,150.00,住家用,鋼筋混凝土造,76年2月27日,二層,一層 二層 屋頂突出物,全筆移轉
RPROMLOJOHOFFAU27CA,,63.44,集合住宅,鋼筋混凝土造、磚造,108年2月20日,五層,二層 陽台,全筆移轉
RPROMLOJOHOFFAU27CA,,28.26,共有部份,鋼筋混凝土造、磚造,108年2月20日,五層,,持分移轉
RPOQMLOJOHOFFAU17CA,31,91.80,住家用,鋼筋混凝土造,77年8月17日,二層,一層 二層 陽台,全筆移轉
RPSNMLQJOHOFFAU47CA,24,82.92,住家用,鋼筋混凝土造,83年11月3日,六層,五層 陽台,全筆移轉
RPSNMLQJOHOFFAU47CA,24,30.96,共有部份,鋼筋混凝土造,83年11月3日,六層,,持分移轉
RPRNMLOKOHOFFAU27CA,48,60.40,住家用,見其他登記事項,59年11月14日,一層,一層 騎樓,全筆移轉
RPOOMLKKOHOFFCU86CA,41,148.63,住家用,鋼筋混凝土加強磚造,67年7月17日,二層,一層 二層 騎樓,全筆移轉
RPROMLKKOHOFFAU96CA,7,212.31,農舍,鋼筋混凝土造,101年7月30日,三層,一層 二層 三層 陽台 見其他登記事項,全筆移轉
RPQNMLKKOHOFFAU76CA,24,60.38,住家用,鋼筋混凝土造,84年10月18日,三層,一層 二層 三層 陽台 平台 見其他登記事項,持分移轉
RPXNMLKKOHOFFAU47CA,24,215.55,住家用,鋼筋混凝土造,84年3月1日,四層,一層 二層 三層 四層 陽台 平台 見其他登記事項,全筆移轉
RPPNMLLKOHOFFAU76CA,16,126.12,住家用,鋼筋混凝土造,91年12月2日,十二層,六層 陽台,全筆移轉
RPPNMLLKOHOFFAU76CA,16,73.42,共有部份,鋼筋混凝土造,91年12月2日,十四層,,持分移轉
RPROMLSJPHOFFAU77CA,45,18.35,住家用,磚石造、加強磚造,,一層,一層,全筆移轉
RPPNMLPKOHOFFAU17CA,,59.00,集合住宅,鋼筋混凝土造、磚造,108年2月20日,五層,二層 陽台,全筆移轉
RPPNMLPKOHOFFAU17CA,,21.81,共有部份,鋼筋混凝土造、磚造,108年2月20日,五層,,持分移轉
RPWNMLTKOHOFFAU28CA,26,19.22,住家用,鋼筋混凝土造,82年10月14日,六層,四層,全筆移轉
RPWNMLTKOHOFFAU28CA,26,7.17,共有部份,鋼筋混凝土造,82年10月14日,六層,,持分移轉
RPQNMLPKOHOFFAU27CA,,59.00,集合住宅,鋼筋混凝土造、磚造,108年2月20日,五層,一層 陽台,全筆移轉
RPQNMLPKOHOFFAU27CA,,22.03,共有部份,鋼筋混凝土造、磚造,108年2月20日,五層,,持分移轉
RPXNMLKLOHOFFAU57CA,1,47.01,集合住宅,鋼筋混凝土造,107年4月27日,十二層,七層 陽台,全筆移轉
RPXNMLKLOHOFFAU57CA,1,10.72,本共有部份之項目有防空避難室兼停車空間、機電設備、騎樓、Ｆ梯安全梯、一樓梯廳、一樓門廳、管委會使用空間、車道、Ｃ棟垃圾處理區等９項。,鋼筋混凝土造,107年4月27日,十二層,,持分移轉
RPXNMLKLOHOFFAU57CA,1,13.90,共有部份,鋼筋混凝土造,107年4月27日,十二層,,持分移轉
RPPOMLTKOHOFFAU67CA,37,111.17,住商用,鋼筋混凝土加強磚造,70年11月30日,二層,一層 二層 騎樓,全筆移轉
RPUOMLKLOHOFFAU37CA,38,82.40,住家用,鋼筋混凝土造,70年8月17日,四層,四層,全筆移轉
RPUOMLKLOHOFFAU37CA,38,4.29,共有部份,鋼筋混凝土造,70年8月17日,四層,,持分移轉
RPVNMLPLOHOFFAU87CA,26,108.28,住家用,鋼筋混凝土造,82年1月9日,七層,六層 陽台,全筆移轉
RPVNMLPLOHOFFAU87CA,26,10.21,共有部份,鋼筋混凝土造,82年1月9日,七層,,持分移轉
RPVNMLPLOHOFFAU87CA,26,12.31,共有部份,鋼筋混凝土造,82年1月9日,七層,,持分移轉
RPVNMLPLOHOFFAU87CA,26,.28,商業用,鋼筋混凝土造,82年1月9日,七層,地下層,持分移轉
RPVNMLPLOHOFFAU87CA,26,15.02,共有部份,鋼筋混凝土造,82年1月9日,七層,,持分移轉
RPUOMLPLOHOFFAU87CA,24,19.85,住家用,鋼筋混凝土造,83年11月15日,十二層,七層,全筆移轉
RPUOMLPLOHOFFAU87CA,24,3.38,共有部份,鋼筋混凝土造,83年11月15日,十二層,,持分移轉
RPUOMLPLOHOFFAU87CA,24,6.23,共有部份,鋼筋混凝土造,83年11月15日,十二層,,持分移轉
RPSNMLPLOHOFFAU57CA,42,111.95,住商用,鋼筋混凝土加強磚造,66年7月19日,二層,一層 二層 騎樓,全筆移轉
RPXOMLLJPHOFFAU67CA,,70.17,宿舍,木造及水泥磚,,一層,一層,全筆移轉
RPOPMLLJPHOFFAU86CA,28,157.37,住商用,鋼筋混凝土造,80年2月2日,三層,一層 二層 三層 陽台 屋頂突出物 騎樓,持分移轉
RPVOMLMLPHOFFAU77CA,42,164.07,住家用,鋼筋混凝土加強磚造,66年1月21日,二層,一層 二層 騎樓,全筆移轉
RPTNMLSKPHOFFAU97CA,24,68.62,商業用,鋼筋混凝土造,84年3月2日,十七層,一層 平台,全筆移轉
RPTNMLSKPHOFFAU97CA,24,45.98,共有部份,鋼筋混凝土造,84年3月2日,十七層,,持分移轉
RPUNMLSJPHOFFAU97CA,40,113.68,住商用,鋼筋混凝土加強磚造,68年10月6日,二層,一層 二層 騎樓,全筆移轉
RPSNMLKMPHOFFAU27CA,25,24.91,住家用,鋼筋混凝土造,83年8月31日,七層,四層 陽台 花台,全筆移轉
RPSNMLKMPHOFFAU27CA,25,11.60,共有部份,鋼筋混凝土造,83年8月31日,七層,,持分移轉
RPUOMLRJQHOFFAU08CA,,42.32,住家用,木造,,一層,一層,全筆移轉
RPPNMLTLNHOFFBU67CA,25,162.94,住商用,鋼筋混凝土造,83年1月14日,三層,一層 二層 三層 陽台 平台 屋頂突出物,全筆移轉
RPXNMLQKNHOFFAU97CA,31,151.78,住家用,鋼筋混凝土造,77年9月17日,二層,一層 二層 陽台 屋頂突出物,全筆移轉
RPTPMLMKOHOFFAU47CA,26,140.99,住家用,鋼筋混凝土造,82年1月8日,三層,一層 二層 三層 陽台,全筆移轉
RPXNMLNKOHOFFAU77CA,1,35.25,集合住宅,鋼筋混凝土造,106年10月5日,五層,一層,全筆移轉
RPXNMLNKOHOFFAU77CA,1,34.26,共有部份,鋼筋混凝土造,106年10月5日,五層,,持分移轉
RPSOMLMLNHOFFAU27CA,1,53.34,集合住宅,鋼筋混凝土造,107年4月27日,十二層,四層 陽台,全筆移轉
RPSOMLMLNHOFFAU27CA,1,16.49,共有部份,鋼筋混凝土造,107年4月27日,十二層,,持分移轉
RPSOMLMLNHOFFAU27CA,1,12.17,本共有部份之項目有防空避難室兼停車空間、機電設備、騎樓、Ｆ梯安全梯、一樓梯廳、一樓門廳、管委會使用空間、車道、Ｃ棟垃圾處理區等９項。,鋼筋混凝土造,107年4月27日,十二層,,持分移轉
RPVNMLNKOHOFFAU57CA,1,48.47,集合住宅,鋼筋混凝土造,106年10月3日,五層,一層,全筆移轉
RPVNMLNKOHOFFAU57CA,1,17.75,共有部份,鋼筋混凝土造,106年10月3日,五層,,持分移轉
RPRQMLMLNHOFFAU37CA,,124.56,住家用,鋼筋混凝土加強磚造,,二層,一層 二層,全筆移轉
RPQOMLRLNHOFFAU57CA,11,201.57,住家用,鋼筋混凝土造,96年12月11日,四層,一層 二層 三層 四層 陽台 雨遮,全筆移轉
RPOOMLOLNHOFFAU07CA,26,247.71,住家用,鋼筋混凝土造,81年10月6日,四層,一層 二層 三層 四層 陽台 見其他登記事項,全筆移轉
RPQOMLPLOHOFFAU47CA,38,102.12,住家用,鋼筋混凝土加強磚造,70年8月28日,二層,一層 二層 陽台,全筆移轉
RPSNMLOJOHOFFAU27CA,41,586.96,見其他登記事項,鋼筋混凝土加強磚造,66年9月15日,二層,一層 二層 地下層,全筆移轉
RPQOMLQJOHOFFAU37CA,3,474.80,農舍,鋼筋混凝土造,105年7月29日,四層,一層 二層 三層 四層 陽台 屋頂突出物,全筆移轉
RPPOMLMKOHOFFAU96CA,37,169.64,住商用,鋼筋混凝土造,70年12月22日,三層,一層 二層 三層 屋頂突出物 騎樓,全筆移轉
RPWNMLKKOHOFFAU37CA,24,109.89,住家用,鋼筋混凝土造,83年10月28日,十四層,五層 陽台 花台,全筆移轉
RPWNMLKKOHOFFAU37CA,24,29.09,共有部份,鋼筋混凝土造,83年10月28日,十四層,,持分移轉
RPPNMLRKOHOFFAU37CA,13,236.27,住家用,鋼筋混凝土造,94年11月17日,三層,一層 二層 三層 陽台 屋頂突出物,全筆移轉
RPQNMLLKOHOFFAU86CA,51,235.15,住工用,見其他登記事項,57年7月16日,一層,一層,全筆移轉
RPTNMLKKPHOFFAU17CA,39,112.00,住家用,鋼筋混凝土加強磚造,69年6月10日,二層,一層 二層,全筆移轉
RPWNMLTKPHOFFAU38CA,31,16.51,住家用,鋼筋混凝土造,76年11月4日,七層,七層 陽台,全筆移轉
RPWNMLTKPHOFFAU38CA,31,11.08,共有部份,鋼筋混凝土造,76年11月4日,七層,,持分移轉
RPWNMLTKPHOFFAU38CA,31,20.70,住家用,鋼筋混凝土造,76年11月4日,七層,七層 陽台,全筆移轉
RPWNMLTKPHOFFAU38CA,31,11.85,共有部份,鋼筋混凝土造,76年11月4日,七層,,持分移轉
RPOQMLKKPHOFFAU96CA,23,107.65,住家用,鋼筋混凝土造,85年2月16日,十五層,十層 陽台,全筆移轉
RPOQMLKKPHOFFAU96CA,23,28.00,共有部份,鋼筋混凝土造,85年2月16日,十五層,,持分移轉
RPWNMLLLNHOFFAU47CA,24,412.52,農舍,鋼筋混凝土造,84年1月11日,二層,一層 二層 陽台 平台 見其他登記事項,全筆移轉
RPUOMLOKNHOFFAU57CA,,47.01,集合住宅,鋼筋混凝土造,,,,全筆移轉
RPUOMLOKNHOFFAU57CA,,10.72,本共有部份之項目有防空避難室兼停車空間、機電設備、騎樓、Ｆ梯安全梯、一樓梯廳、一樓門廳、管委會使用空間、車道、Ｃ棟垃圾處理區等９項。,鋼筋混凝土造,,,,持分移轉
RPUOMLOKNHOFFAU57CA,,13.90,共有部份,鋼筋混凝土造,,,,持分移轉
RPROMLQJOHOFFAU47CA,42,109.47,住商用,鋼筋混凝土加強磚造,66年7月30日,二層,一層 二層 騎樓,全筆移轉
RPTNMLRJQHOFFCU08CA,,278.09,住家用,鋼筋混凝土造,108年6月25日,四層,一層 二層 三層 四層 陽台,全筆移轉
RPQNMLQKQHOFFCU77CA,,107.65,住家用,鋼筋混凝土造,108年5月8日,四層,二層 陽台,全筆移轉
RPQNMLQKQHOFFCU77CA,,36.00,共有部份,鋼筋混凝土造,108年5月8日,四層,,持分移轉
RPXNMLMLNHOFFAU67CA,2,442.60,旅館,鋼骨鋼筋混凝土造,106年2月22日,五層,三層 陽台,全筆移轉
RPXNMLMLNHOFFAU67CA,2,193.48,共有部份,鋼骨鋼筋混凝土造,106年2月22日,五層,,持分移轉
RPVNMLLMPHOFFAU67CA,24,142.68,住商用,鋼筋混凝土造,83年12月16日,三層,一層 二層 三層 陽台 平台 騎樓,全筆移轉
RPPNMLRLQHOFFBU77CA,32,222.06,住商用,鋼筋混凝土加強磚造,76年7月24日,三層,一層 二層 三層 屋頂突出物 騎樓,全筆移轉
RPVOMLQJQHOFFAU08CA,23,20.55,住家用,鋼筋混凝土造,84年8月19日,十一層,八層,全筆移轉
RPVOMLQJQHOFFAU08CA,23,6.53,共有部份,鋼筋混凝土造,84年8月19日,十一層,,持分移轉
RPUOMLMJQHOFFAU57CA,24,19.81,住家用,鋼筋混凝土造,83年11月15日,十二層,九層,全筆移轉
RPUOMLMJQHOFFAU57CA,24,6.12,共有部份,鋼筋混凝土造,83年11月15日,十二層,,持分移轉
RPUOMLMJQHOFFAU57CA,24,3.38,共有部份,鋼筋混凝土造,83年11月15日,十二層,,持分移轉
RPTNMLOKOHOFFAU47CA,,240.68,農舍,鋼筋混凝土造,103年5月23日,三層,一層 二層 三層 陽台,全筆移轉
